Date,Price
1/3/2005,15770
1/4/2005,15771
1/5/2005,15783
1/6/2005,15782
1/7/2005,15785
1/10/2005,15770
1/11/2005,15770
1/12/2005,15765
1/13/2005,15772
1/14/2005,15770
1/17/2005,15779
1/18/2005,15782
1/19/2005,15782
1/20/2005,15781
1/21/2005,15785
1/24/2005,15786
1/25/2005,15780
1/26/2005,15781
1/27/2005,15790
1/28/2005,15786
1/31/2005,15781
2/1/2005,15799
2/2/2005,15797
2/3/2005,15790
2/4/2005,15795
2/7/2005,15786
2/8/2005,15791
2/9/2005,15795
2/10/2005,15795
2/11/2005,15800
2/14/2005,15800
2/15/2005,15785
2/16/2005,15795
2/17/2005,15781
2/18/2005,15788
2/21/2005,15790
2/22/2005,15790
2/23/2005,15795
2/24/2005,15798
2/25/2005,15788
2/28/2005,15798
3/1/2005,15803
3/2/2005,15797
3/3/2005,15808
3/4/2005,15800
3/7/2005,15805
3/8/2005,15802
3/9/2005,15810
3/10/2005,15801
3/11/2005,15794
3/14/2005,15791
3/15/2005,15795
3/16/2005,15799
3/17/2005,15797
3/18/2005,15815
3/21/2005,15810
3/22/2005,15815
3/23/2005,15822
3/24/2005,15818
3/25/2005,15824
3/28/2005,15809
3/29/2005,15823
3/30/2005,15825
3/31/2005,15814
4/1/2005,15808
4/4/2005,15820
4/5/2005,15821
4/6/2005,15832
4/7/2005,15824
4/8/2005,15822
4/11/2005,15819
4/12/2005,15820
4/13/2005,15809
4/14/2005,15826
4/15/2005,15815
4/18/2005,15819
4/19/2005,15825
4/20/2005,15830
4/21/2005,15831
4/22/2005,15820
4/25/2005,15822
4/26/2005,15822
4/27/2005,15838
4/28/2005,15840
4/29/2005,15823
5/2/2005,15823
5/3/2005,15823
5/4/2005,15836
5/5/2005,15835
5/6/2005,15848
5/9/2005,15837
5/10/2005,15839
5/11/2005,15836
5/12/2005,15827
5/13/2005,15832
5/16/2005,15830
5/17/2005,15845
5/18/2005,15830
5/19/2005,15834
5/20/2005,15839
5/23/2005,15835
5/24/2005,15839
5/25/2005,15839
5/26/2005,15845
5/27/2005,15841
5/30/2005,15846
5/31/2005,15855
6/1/2005,15847
6/2/2005,15855
6/3/2005,15858
6/6/2005,15846
6/7/2005,15850
6/8/2005,15851
6/9/2005,15861
6/10/2005,15849
6/13/2005,15863
6/14/2005,15862
6/15/2005,15858
6/16/2005,15870
6/17/2005,15880
6/20/2005,15865
6/21/2005,15860
6/22/2005,15856
6/23/2005,15869
6/24/2005,15855
6/27/2005,15859
6/28/2005,15855
6/29/2005,15863
6/30/2005,15846
7/1/2005,15850
7/4/2005,15845
7/5/2005,15851
7/6/2005,15856
7/7/2005,15860
7/8/2005,15865
7/11/2005,15861
7/12/2005,15858
7/13/2005,15865
7/14/2005,15879
7/15/2005,15868
7/18/2005,15875
7/19/2005,15874
7/20/2005,15875
7/21/2005,15870
7/22/2005,15871
7/25/2005,15866
7/26/2005,15867
7/27/2005,15860
7/28/2005,15865
7/29/2005,15873
8/1/2005,15870
8/2/2005,15881
8/3/2005,15872
8/4/2005,15880
8/5/2005,15879
8/8/2005,15868
8/9/2005,15862
8/10/2005,15872
8/11/2005,15870
8/12/2005,15865
8/15/2005,15868
8/16/2005,15861
8/17/2005,15861
8/18/2005,15855
8/19/2005,15857
8/22/2005,15862
8/23/2005,15869
8/24/2005,15874
8/25/2005,15871
8/26/2005,15881
8/29/2005,15885
8/30/2005,15880
8/31/2005,15867
9/1/2005,15874
9/2/2005,15874
9/5/2005,15876
9/6/2005,15871
9/7/2005,15874
9/8/2005,15880
9/9/2005,15875
9/12/2005,15885
9/13/2005,15872
9/14/2005,15885
9/15/2005,15880
9/16/2005,15880
9/19/2005,15864
9/20/2005,15874
9/21/2005,15876
9/22/2005,15865
9/23/2005,15870
9/26/2005,15880
9/27/2005,15885
9/28/2005,15885
9/29/2005,15890
9/30/2005,15895
10/3/2005,15895
10/4/2005,15895
10/5/2005,15886
10/6/2005,15896
10/7/2005,15896
10/10/2005,15891
10/11/2005,15895
10/12/2005,15888
10/13/2005,15898
10/14/2005,15901
10/17/2005,15910
10/18/2005,15910
10/19/2005,15908
10/20/2005,15904
10/21/2005,15904
10/24/2005,15902
10/25/2005,15908
10/26/2005,15914
10/27/2005,15910
10/28/2005,15902
10/31/2005,15891
11/1/2005,15903
11/2/2005,15888
11/3/2005,15892
11/4/2005,15892
11/7/2005,15889
11/8/2005,15893
11/9/2005,15896
11/10/2005,15895
11/11/2005,15889
11/14/2005,15902
11/15/2005,15904
11/16/2005,15910
11/17/2005,15905
11/18/2005,15904
11/21/2005,15899
11/22/2005,15903
11/23/2005,15903
11/24/2005,15910
11/25/2005,15905
11/28/2005,15901
11/29/2005,15901
11/30/2005,15907
12/1/2005,15903
12/2/2005,15900
12/5/2005,15903
12/6/2005,15907
12/7/2005,15901
12/8/2005,15897
12/9/2005,15904
12/12/2005,15905
12/13/2005,15904
12/14/2005,15902
12/15/2005,15905
12/16/2005,15911
12/19/2005,15915
12/20/2005,15910
12/21/2005,15907
12/22/2005,15904
12/23/2005,15894
12/26/2005,15902
12/27/2005,15899
12/28/2005,15888
12/29/2005,15900
12/30/2005,15913
1/2/2006,15913
1/3/2006,15903
1/4/2006,15916
1/5/2006,15904
1/6/2006,15914
1/9/2006,15912
1/10/2006,15905
1/11/2006,15917
1/12/2006,15904
1/13/2006,15901
1/16/2006,15896
1/17/2006,15902
1/18/2006,15900
1/19/2006,15906
1/20/2006,15913
1/23/2006,15918
1/24/2006,15915
1/25/2006,15918
1/26/2006,15915
1/27/2006,15913
1/30/2006,15913
1/31/2006,15913
2/1/2006,15915
2/2/2006,15912
2/3/2006,15929
2/6/2006,15922
2/7/2006,15923
2/8/2006,15928
2/9/2006,15925
2/10/2006,15919
2/13/2006,15925
2/14/2006,15927
2/15/2006,15931
2/16/2006,15934
2/17/2006,15924
2/20/2006,15921
2/21/2006,15920
2/22/2006,15914
2/23/2006,15914
2/24/2006,15908
2/27/2006,15913
2/28/2006,15909
3/1/2006,15912
3/2/2006,15901
3/3/2006,15904
3/6/2006,15905
3/7/2006,15908
3/8/2006,15903
3/9/2006,15903
3/10/2006,15909
3/13/2006,15904
3/14/2006,15893
3/15/2006,15899
3/16/2006,15911
3/17/2006,15906
3/20/2006,15904
3/21/2006,15911
3/22/2006,15916
3/23/2006,15920
3/24/2006,15916
3/27/2006,15930
3/28/2006,15920
3/29/2006,15922
3/30/2006,15935
3/31/2006,15920
4/3/2006,15922
4/4/2006,15920
4/5/2006,15929
4/6/2006,15920
4/7/2006,15923
4/10/2006,15922
4/11/2006,15923
4/12/2006,15925
4/13/2006,15927
4/14/2006,15922
4/17/2006,15924
4/18/2006,15924
4/19/2006,15925
4/20/2006,15932
4/21/2006,15930
4/24/2006,15930
4/25/2006,15936
4/26/2006,15938
4/27/2006,15937
4/28/2006,15940
5/1/2006,15940
5/2/2006,15940
5/3/2006,15935
5/4/2006,15960
5/5/2006,15965
5/8/2006,16006
5/9/2006,15990
5/10/2006,15963
5/11/2006,15971
5/12/2006,15978
5/15/2006,15970
5/16/2006,15966
5/17/2006,15965
5/18/2006,15965
5/19/2006,15965
5/22/2006,15971
5/23/2006,15965
5/24/2006,15961
5/25/2006,15967
5/26/2006,15969
5/29/2006,15968
5/30/2006,15963
5/31/2006,15955
6/1/2006,15962
6/2/2006,15965
6/5/2006,15969
6/6/2006,15974
6/7/2006,15968
6/8/2006,15970
6/9/2006,15975
6/12/2006,15975
6/13/2006,15976
6/14/2006,15975
6/15/2006,15986
6/16/2006,15978
6/19/2006,15984
6/20/2006,15987
6/21/2006,15987
6/22/2006,15993
6/23/2006,15996
6/26/2006,15992
6/27/2006,15997
6/28/2006,15994
6/29/2006,15998
6/30/2006,15995
7/3/2006,16000
7/4/2006,15996
7/5/2006,15990
7/6/2006,15990
7/7/2006,15994
7/10/2006,15989
7/11/2006,15987
7/12/2006,15990
7/13/2006,15988
7/14/2006,15992
7/17/2006,16000
7/18/2006,16003
7/19/2006,15997
7/20/2006,16001
7/21/2006,15996
7/24/2006,15996
7/25/2006,15996
7/26/2006,15996
7/27/2006,16002
7/28/2006,16000
7/31/2006,16001
8/1/2006,16001
8/2/2006,16009
8/3/2006,16004
8/4/2006,16001
8/7/2006,16016
8/8/2006,16010
8/9/2006,16010
8/10/2006,16010
8/11/2006,15997
8/14/2006,16008
8/15/2006,16003
8/16/2006,15999
8/17/2006,15997
8/18/2006,16000
8/21/2006,16010
8/22/2006,16010
8/23/2006,16014
8/24/2006,16011
8/25/2006,16007
8/28/2006,16018
8/29/2006,16006
8/30/2006,16010
8/31/2006,16013
9/1/2006,16005
9/4/2006,16005
9/5/2006,16015
9/6/2006,16020
9/7/2006,16020
9/8/2006,16017
9/11/2006,16017
9/12/2006,16017
9/13/2006,16040
9/14/2006,16033
9/15/2006,16034
9/18/2006,16039
9/19/2006,16040
9/20/2006,16041
9/21/2006,16036
9/22/2006,16035
9/25/2006,16035
9/26/2006,16037
9/27/2006,16044
9/28/2006,16036
9/29/2006,16045
10/2/2006,16046
10/3/2006,16046
10/4/2006,16040
10/5/2006,16046
10/6/2006,16053
10/9/2006,16040
10/10/2006,16054
10/11/2006,16050
10/12/2006,16046
10/13/2006,16049
10/16/2006,16049
10/17/2006,16068
10/18/2006,16060
10/19/2006,16055
10/20/2006,16065
10/23/2006,16070
10/24/2006,16070
10/25/2006,16065
10/26/2006,16070
10/27/2006,16065
10/30/2006,16070
10/31/2006,16065
11/1/2006,16070
11/2/2006,16076
11/3/2006,16076
11/6/2006,16075
11/7/2006,16075
11/8/2006,16082
11/9/2006,16086
11/10/2006,16085
11/13/2006,16086
11/14/2006,16083
11/15/2006,16088
11/16/2006,16095
11/17/2006,16093
11/20/2006,16092
11/21/2006,16077
11/22/2006,16078
11/23/2006,16089
11/24/2006,16078
11/27/2006,16078
11/28/2006,16078
11/29/2006,16078
11/30/2006,16065
12/1/2006,16067
12/4/2006,16066
12/5/2006,16070
12/6/2006,16075
12/7/2006,16076
12/8/2006,16062
12/11/2006,16065
12/12/2006,16060
12/13/2006,16076
12/14/2006,16074
12/15/2006,16075
12/18/2006,16062
12/19/2006,16055
12/20/2006,16056
12/21/2006,16056
12/22/2006,16056
12/25/2006,16046
12/26/2006,16050
12/27/2006,16055
12/28/2006,16040
12/29/2006,16051
1/1/2007,16051
1/2/2007,16056
1/3/2007,16058
1/4/2007,16040
1/5/2007,16045
1/8/2007,16050
1/9/2007,16045
1/10/2007,16055
1/11/2007,16055
1/12/2007,16055
1/15/2007,16045
1/16/2007,16055
1/17/2007,16042
1/18/2007,16055
1/19/2007,16055
1/22/2007,16066
1/23/2007,16065
1/24/2007,16062
1/25/2007,16065
1/26/2007,16040
1/29/2007,16045
1/30/2007,16045
1/31/2007,16045
2/1/2007,16045
2/2/2007,16045
2/5/2007,16003
2/6/2007,16005
2/7/2007,15985
2/8/2007,15993
2/9/2007,15982
2/12/2007,15975
2/13/2007,15982
2/14/2007,15980
2/15/2007,15976
2/16/2007,15975
2/19/2007,15975
2/20/2007,15975
2/21/2007,15975
2/22/2007,15982
2/23/2007,15976
2/26/2007,15982
2/27/2007,15980
2/28/2007,15996
3/1/2007,15999
3/2/2007,15996
3/5/2007,15995
3/6/2007,15998
3/7/2007,16000
3/8/2007,16005
3/9/2007,16005
3/12/2007,16010
3/13/2007,16007
3/14/2007,16009
3/15/2007,16008
3/16/2007,16024
3/19/2007,16008
3/20/2007,16015
3/21/2007,16007
3/22/2007,16005
3/23/2007,16005
3/26/2007,16005
3/27/2007,16014
3/28/2007,16019
3/29/2007,16010
3/30/2007,16009
4/2/2007,16022
4/3/2007,16015
4/4/2007,16015
4/5/2007,16026
4/6/2007,16024
4/9/2007,16027
4/10/2007,16031
4/11/2007,16033
4/12/2007,16032
4/13/2007,16034
4/16/2007,16030
4/17/2007,16036
4/18/2007,16028
4/19/2007,16037
4/20/2007,16038
4/23/2007,16037
4/24/2007,16038
4/25/2007,16032
4/26/2007,16032
4/27/2007,16043
4/30/2007,16043
5/1/2007,16043
5/2/2007,16043
5/3/2007,16051
5/4/2007,16047
5/7/2007,16051
5/8/2007,16050
5/9/2007,16037
5/10/2007,16038
5/11/2007,16036
5/14/2007,16038
5/15/2007,16035
5/16/2007,16030
5/17/2007,16038
5/18/2007,16049
5/21/2007,16058
5/22/2007,16058
5/23/2007,16058
5/24/2007,16057
5/25/2007,16057
5/28/2007,16065
5/29/2007,16067
5/30/2007,16080
5/31/2007,16084
6/1/2007,16085
6/4/2007,16085
6/5/2007,16088
6/6/2007,16089
6/7/2007,16088
6/8/2007,16098
6/11/2007,16096
6/12/2007,16100
6/13/2007,16109
6/14/2007,16115
6/15/2007,16115
6/18/2007,16116
6/19/2007,16106
6/20/2007,16115
6/21/2007,16115
6/22/2007,16115
6/25/2007,16120
6/26/2007,16111
6/27/2007,16115
6/28/2007,16125
6/29/2007,16126
7/2/2007,16125
7/3/2007,16116
7/4/2007,16127
7/5/2007,16125
7/6/2007,16123
7/9/2007,16125
7/10/2007,16131
7/11/2007,16115
7/12/2007,16120
7/13/2007,16128
7/16/2007,16125
7/17/2007,16125
7/18/2007,16115
7/19/2007,16126
7/20/2007,16132
7/23/2007,16132
7/24/2007,16125
7/25/2007,16128
7/26/2007,16130
7/27/2007,16135
7/30/2007,16145
7/31/2007,16135
8/1/2007,16140
8/2/2007,16147
8/3/2007,16156
8/6/2007,16160
8/7/2007,16160
8/8/2007,16170
8/9/2007,16170
8/10/2007,16174
8/13/2007,16192
8/14/2007,16202
8/15/2007,16220
8/16/2007,16233
8/17/2007,16245
8/20/2007,16245
8/21/2007,16240
8/22/2007,16240
8/23/2007,16235
8/24/2007,16225
8/27/2007,16235
8/28/2007,16229
8/29/2007,16230
8/30/2007,16236
8/31/2007,16235
9/3/2007,16235
9/4/2007,16225
9/5/2007,16233
9/6/2007,16235
9/7/2007,16235
9/10/2007,16225
9/11/2007,16225
9/12/2007,16232
9/13/2007,16237
9/14/2007,16225
9/17/2007,16217
9/18/2007,16226
9/19/2007,16226
9/20/2007,16170
9/21/2007,16165
9/24/2007,16125
9/25/2007,16100
9/26/2007,16092
9/27/2007,16078
9/28/2007,16075
10/1/2007,16080
10/2/2007,16072
10/3/2007,16075
10/4/2007,16065
10/5/2007,16068
10/8/2007,16070
10/9/2007,16070
10/10/2007,16070
10/11/2007,16070
10/12/2007,16055
10/15/2007,16050
10/16/2007,16050
10/17/2007,16075
10/18/2007,16075
10/19/2007,16075
10/22/2007,16075
10/23/2007,16065
10/24/2007,16070
10/25/2007,16074
10/26/2007,16076
10/29/2007,16065
10/30/2007,16074
10/31/2007,16064
11/1/2007,16065
11/2/2007,16060
11/5/2007,16070
11/6/2007,16062
11/7/2007,16063
11/8/2007,16063
11/9/2007,16062
11/12/2007,16054
11/13/2007,16055
11/14/2007,16055
11/15/2007,16055
11/16/2007,16060
11/19/2007,16050
11/20/2007,16050
11/21/2007,16050
11/22/2007,16050
11/23/2007,16044
11/26/2007,16035
11/27/2007,16030
11/28/2007,16022
11/29/2007,16045
11/30/2007,16035
12/3/2007,16035
12/4/2007,16035
12/5/2007,16030
12/6/2007,16030
12/7/2007,16030
12/10/2007,16030
12/11/2007,16030
12/12/2007,16020
12/13/2007,16015
12/14/2007,16035
12/17/2007,16030
12/18/2007,16030
12/19/2007,16033
12/20/2007,16035
12/21/2007,16030
12/24/2007,16045
12/25/2007,16030
12/26/2007,16010
12/27/2007,16015
12/28/2007,16015
12/31/2007,16018
1/1/2008,16018
1/2/2008,15985
1/3/2008,15985
1/4/2008,15980
1/7/2008,15975
1/8/2008,15978
1/9/2008,15968
1/10/2008,15975
1/11/2008,15975
1/14/2008,15980
1/15/2008,15970
1/16/2008,15968
1/17/2008,15975
1/18/2008,15973
1/21/2008,15980
1/22/2008,15981
1/23/2008,15980
1/24/2008,15970
1/25/2008,15960
1/28/2008,15970
1/29/2008,15963
1/30/2008,15970
1/31/2008,15965
2/1/2008,15965
2/4/2008,15955
2/5/2008,15955
2/6/2008,15955
2/7/2008,15955
2/8/2008,15955
2/11/2008,15955
2/12/2008,15955
2/13/2008,15955
2/14/2008,15945
2/15/2008,15945
2/18/2008,15946
2/19/2008,15942
2/20/2008,15945
2/21/2008,15935
2/22/2008,15935
2/25/2008,15935
2/26/2008,15935
2/27/2008,15935
2/28/2008,15932
2/29/2008,15930
3/3/2008,15926
3/4/2008,15922
3/5/2008,15917
3/6/2008,15914
3/7/2008,15910
3/10/2008,15865
3/11/2008,15862
3/12/2008,15860
3/13/2008,15861
3/14/2008,15858
3/17/2008,15860
3/18/2008,15855
3/19/2008,15845
3/20/2008,15830
3/21/2008,15820
3/24/2008,15815
3/25/2008,15815
3/26/2008,15980
3/27/2008,16100
3/28/2008,16110
3/31/2008,16100
4/1/2008,16110
4/2/2008,16115
4/3/2008,16118
4/4/2008,16110
4/7/2008,16118
4/8/2008,16100
4/9/2008,16110
4/10/2008,16115
4/11/2008,16115
4/14/2008,16112
4/15/2008,16112
4/16/2008,16116
4/17/2008,16110
4/18/2008,16110
4/21/2008,16110
4/22/2008,16110
4/23/2008,16110
4/24/2008,16113
4/25/2008,16116
4/28/2008,16120
4/29/2008,16117
4/30/2008,16117
5/1/2008,16117
5/2/2008,16128
5/5/2008,16127
5/6/2008,16144
5/7/2008,16145
5/8/2008,16140
5/9/2008,16141
5/12/2008,16145
5/13/2008,16156
5/14/2008,16155
5/15/2008,16153
5/16/2008,16158
5/19/2008,16170
5/20/2008,16172
5/21/2008,16179
5/22/2008,16185
5/23/2008,16194
5/26/2008,16210
5/27/2008,16219
5/28/2008,16216
5/29/2008,16236
5/30/2008,16245
6/2/2008,16245
6/3/2008,16250
6/4/2008,16265
6/5/2008,16275
6/6/2008,16283
6/9/2008,16280
6/10/2008,16290
6/11/2008,16621
6/12/2008,16613
6/13/2008,16601
6/16/2008,16613
6/17/2008,16619
6/18/2008,16609
6/19/2008,16615
6/20/2008,16607
6/23/2008,16605
6/24/2008,16606
6/25/2008,16608
6/26/2008,16611
6/27/2008,16844
6/30/2008,16840
7/1/2008,16842
7/2/2008,16839
7/3/2008,16843
7/4/2008,16845
7/7/2008,16845
7/8/2008,16848
7/9/2008,16849
7/10/2008,16843
7/11/2008,16840
7/14/2008,16835
7/15/2008,16830
7/16/2008,16820
7/17/2008,16820
7/18/2008,16750
7/21/2008,16610
7/22/2008,16750
7/23/2008,16700
7/24/2008,16780
7/25/2008,16750
7/28/2008,16750
7/29/2008,16770
7/30/2008,16740
7/31/2008,16730
8/1/2008,16740
8/4/2008,16725
8/5/2008,16680
8/6/2008,16580
8/7/2008,16580
8/8/2008,16520
8/11/2008,16430
8/12/2008,16540
8/13/2008,16610
8/14/2008,16490
8/15/2008,16560
8/18/2008,16590
8/19/2008,16640
8/20/2008,16550
8/21/2008,16530
8/22/2008,16520
8/25/2008,16560
8/26/2008,16550
8/27/2008,16570
8/28/2008,16480
8/29/2008,16460
9/1/2008,16490
9/2/2008,16490
9/3/2008,16530
9/4/2008,16570
9/5/2008,16480
9/8/2008,16530
9/9/2008,16530
9/10/2008,16570
9/11/2008,16520
9/12/2008,16480
9/15/2008,16530
9/16/2008,16530
9/17/2008,16590
9/18/2008,16670
9/19/2008,16710
9/22/2008,16670
9/23/2008,16650
9/24/2008,16540
9/25/2008,16540
9/26/2008,16575
9/29/2008,16540
9/30/2008,16580
10/1/2008,16580
10/2/2008,16560
10/3/2008,16525
10/6/2008,16530
10/7/2008,16600
10/8/2008,16642
10/9/2008,16540
10/10/2008,16570
10/13/2008,16580
10/14/2008,16575
10/15/2008,16535
10/16/2008,16570
10/17/2008,16580
10/20/2008,16580
10/21/2008,16700
10/22/2008,16769
10/23/2008,16790
10/24/2008,16828
10/27/2008,16792
10/28/2008,16780
10/29/2008,16830
10/30/2008,16850
10/31/2008,16850
11/3/2008,16800
11/4/2008,16772
11/5/2008,16783
11/6/2008,16835
11/7/2008,16880
11/10/2008,16840
11/11/2008,16900
11/12/2008,16895
11/13/2008,16950
11/14/2008,16935
11/17/2008,16970
11/18/2008,16962
11/19/2008,16970
11/20/2008,16924
11/21/2008,16920
11/24/2008,16913
11/25/2008,16921
11/26/2008,16900
11/27/2008,16871
11/28/2008,16917
12/1/2008,17000
12/2/2008,16877
12/3/2008,16979
12/4/2008,16920
12/5/2008,16930
12/8/2008,16980
12/9/2008,16977
12/10/2008,16930
12/11/2008,16930
12/12/2008,17000
12/15/2008,17000
12/16/2008,17000
12/17/2008,16980
12/18/2008,16980
12/19/2008,16939
12/22/2008,16941
12/23/2008,16985
12/24/2008,16980
12/25/2008,17280
12/26/2008,17447
12/29/2008,17487
12/30/2008,17450
12/31/2008,17480
1/1/2009,17480
1/2/2009,17424
1/5/2009,17412
1/6/2009,17425
1/7/2009,17426
1/8/2009,17415
1/9/2009,17420
1/12/2009,17475
1/13/2009,17420
1/14/2009,17474
1/15/2009,17479
1/16/2009,17478
1/19/2009,17415
1/20/2009,17415
1/21/2009,17430
1/22/2009,17415
1/23/2009,17472
1/26/2009,17472
1/27/2009,17422
1/28/2009,17422
1/29/2009,17422
1/30/2009,17434
2/2/2009,17434
2/3/2009,17434
2/4/2009,17434
2/5/2009,17434
2/6/2009,17434
2/9/2009,17454
2/10/2009,17430
2/11/2009,17435
2/12/2009,17430
2/13/2009,17430
2/16/2009,17430
2/17/2009,17435
2/18/2009,17430
2/19/2009,17430
2/20/2009,17480
2/23/2009,17430
2/24/2009,17428
2/25/2009,17430
2/26/2009,17430
2/27/2009,17428
3/2/2009,17428
3/3/2009,17428
3/4/2009,17473
3/5/2009,17478
3/6/2009,17430
3/9/2009,17430
3/10/2009,17428
3/11/2009,17434
3/12/2009,17434
3/13/2009,17432
3/16/2009,17432
3/17/2009,17432
3/18/2009,17432
3/19/2009,17480
3/20/2009,17435
3/23/2009,17436
3/24/2009,17590
3/25/2009,17640
3/26/2009,17750
3/27/2009,17710
3/30/2009,17700
3/31/2009,17720
4/1/2009,17680
4/2/2009,17750
4/3/2009,17770
4/6/2009,17740
4/7/2009,17710
4/8/2009,17783
4/9/2009,17700
4/10/2009,17760
4/13/2009,17730
4/14/2009,17690
4/15/2009,17770
4/16/2009,17780
4/17/2009,17780
4/20/2009,17800
4/21/2009,17785
4/22/2009,17700
4/23/2009,17775
4/24/2009,17760
4/27/2009,17771
4/28/2009,17760
4/29/2009,17782
4/30/2009,17782
5/1/2009,17780
5/4/2009,17782
5/5/2009,17775
5/6/2009,17780
5/7/2009,17760
5/8/2009,17765
5/11/2009,17785
5/12/2009,17770
5/13/2009,17760
5/14/2009,17750
5/15/2009,17782
5/18/2009,17780
5/19/2009,17780
5/20/2009,17782
5/21/2009,17780
5/22/2009,17781
5/25/2009,17783
5/26/2009,17780
5/27/2009,17763
5/28/2009,17780
5/29/2009,17765
6/1/2009,17770
6/2/2009,17760
6/3/2009,17760
6/4/2009,17769
6/5/2009,17790
6/8/2009,17788
6/9/2009,17790
6/10/2009,17782
6/11/2009,17785
6/12/2009,17793
6/15/2009,17794
6/16/2009,17794
6/17/2009,17760
6/18/2009,17789
6/19/2009,17800
6/22/2009,17760
6/23/2009,17760
6/24/2009,17760
6/25/2009,17800
6/26/2009,17801
6/29/2009,17800
6/30/2009,17760
7/1/2009,17800
7/2/2009,17798
7/3/2009,17790
7/6/2009,17801
7/7/2009,17803
7/8/2009,17800
7/9/2009,17802
7/10/2009,17805
7/13/2009,17760
7/14/2009,17800
7/15/2009,17803
7/16/2009,17803
7/17/2009,17808
7/20/2009,17800
7/21/2009,17805
7/22/2009,17806
7/23/2009,17803
7/24/2009,17811
7/27/2009,17814
7/28/2009,17816
7/29/2009,17815
7/30/2009,17814
7/31/2009,17812
8/3/2009,17806
8/4/2009,17813
8/5/2009,17804
8/6/2009,17803
8/7/2009,17812
8/10/2009,17802
8/11/2009,17810
8/12/2009,17810
8/13/2009,17817
8/14/2009,17812
8/17/2009,17813
8/18/2009,17812
8/19/2009,17807
8/20/2009,17812
8/21/2009,17812
8/24/2009,17817
8/25/2009,17816
8/26/2009,17810
8/27/2009,17821
8/28/2009,17810
8/31/2009,17815
9/1/2009,17815
9/2/2009,17815
9/3/2009,17816
9/4/2009,17819
9/7/2009,17815
9/8/2009,17826
9/9/2009,17829
9/10/2009,17827
9/11/2009,17820
9/14/2009,17832
9/15/2009,17833
9/16/2009,17832
9/17/2009,17824
9/18/2009,17833
9/21/2009,17827
9/22/2009,17838
9/23/2009,17820
9/24/2009,17836
9/25/2009,17832
9/28/2009,17840
9/29/2009,17840
9/30/2009,17840
10/1/2009,17832
10/2/2009,17834
10/5/2009,17844
10/6/2009,17837
10/7/2009,17841
10/8/2009,17846
10/9/2009,17839
10/12/2009,17850
10/13/2009,17840
10/14/2009,17815
10/15/2009,17800
10/16/2009,17800
10/19/2009,17805
10/20/2009,17805
10/21/2009,17805
10/22/2009,17825
10/23/2009,17815
10/26/2009,17825
10/27/2009,17835
10/28/2009,17840
10/29/2009,17840
10/30/2009,17840
11/2/2009,17840
11/3/2009,17841
11/4/2009,17835
11/5/2009,17825
11/6/2009,17820
11/9/2009,17864
11/10/2009,17825
11/11/2009,17860
11/12/2009,17820
11/13/2009,17867
11/16/2009,17869
11/17/2009,17863
11/18/2009,17825
11/19/2009,17872
11/20/2009,17820
11/23/2009,17873
11/24/2009,17805
11/25/2009,17800
11/26/2009,18485
11/27/2009,18286
11/30/2009,18275
12/1/2009,19150
12/2/2009,18276
12/3/2009,18281
12/4/2009,18280
12/7/2009,18269
12/8/2009,18750
12/9/2009,18700
12/10/2009,18269
12/11/2009,18274
12/14/2009,18269
12/15/2009,18269
12/16/2009,18250
12/17/2009,18450
12/18/2009,18474
12/21/2009,18471
12/22/2009,18470
12/23/2009,18471
12/24/2009,18471
12/25/2009,18465
12/28/2009,18469
12/29/2009,18469
12/30/2009,18469
12/31/2009,18469
1/1/2010,18469
1/4/2010,18469
1/5/2010,18469
1/6/2010,18469
1/7/2010,18474
1/8/2010,18469
1/11/2010,18469
1/12/2010,18469
1/13/2010,18469
1/14/2010,18469
1/15/2010,18460
1/18/2010,18469
1/19/2010,18469
1/20/2010,18474
1/21/2010,18469
1/22/2010,18469
1/25/2010,18469
1/26/2010,18469
1/27/2010,18469
1/28/2010,18460
1/29/2010,18469
2/1/2010,18469
2/2/2010,18470
2/3/2010,18469
2/4/2010,18469
2/5/2010,18469
2/8/2010,18469
2/9/2010,18469
2/10/2010,18469
2/11/2010,18850
2/12/2010,18700
2/15/2010,18700
2/16/2010,18700
2/17/2010,18550
2/18/2010,18550
2/19/2010,18600
2/22/2010,18750
2/23/2010,18630
2/24/2010,18750
2/25/2010,18650
2/26/2010,18800
3/1/2010,18600
3/2/2010,18600
3/3/2010,18690
3/4/2010,18680
3/5/2010,18680
3/8/2010,18680
3/9/2010,18660
3/10/2010,18680
3/11/2010,18690
3/12/2010,18690
3/15/2010,18680
3/16/2010,18680
3/17/2010,18660
3/18/2010,18685
3/19/2010,18680
3/22/2010,18680
3/23/2010,18670
3/24/2010,18670
3/25/2010,19080
3/26/2010,19070
3/29/2010,19070
3/30/2010,19000
3/31/2010,19080
4/1/2010,19000
4/2/2010,19060
4/5/2010,19080
4/6/2010,18950
4/7/2010,19020
4/8/2010,19000
4/9/2010,19000
4/12/2010,19000
4/13/2010,18980
4/14/2010,18980
4/15/2010,18960
4/16/2010,18950
4/19/2010,18970
4/20/2010,18960
4/21/2010,18950
4/22/2010,18950
4/23/2010,18880
4/26/2010,18950
4/27/2010,18880
4/28/2010,18940
4/29/2010,18940
4/30/2010,18875
5/3/2010,18875
5/4/2010,18940
5/5/2010,18950
5/6/2010,18960
5/7/2010,18950
5/10/2010,19000
5/11/2010,18970
5/12/2010,18920
5/13/2010,18940
5/14/2010,18990
5/17/2010,18990
5/18/2010,18970
5/19/2010,18970
5/20/2010,18960
5/21/2010,18970
5/24/2010,18970
5/25/2010,18970
5/26/2010,18900
5/27/2010,18970
5/28/2010,18970
5/31/2010,18850
6/1/2010,18870
6/2/2010,18975
6/3/2010,18970
6/4/2010,18960
6/7/2010,18960
6/8/2010,18975
6/9/2010,18960
6/10/2010,18960
6/11/2010,18950
6/14/2010,18965
6/15/2010,18960
6/16/2010,18960
6/17/2010,18900
6/18/2010,18900
6/21/2010,18950
6/22/2010,18940
6/23/2010,18940
6/24/2010,18970
6/25/2010,18970
6/28/2010,18950
6/29/2010,19030
6/30/2010,19060
7/1/2010,19020
7/2/2010,19060
7/5/2010,19085
7/6/2010,19080
7/7/2010,18900
7/8/2010,19090
7/9/2010,19090
7/12/2010,19050
7/13/2010,19090
7/14/2010,19050
7/15/2010,19090
7/16/2010,19090
7/19/2010,19090
7/20/2010,19085
7/21/2010,19095
7/22/2010,19092
7/23/2010,19095
7/26/2010,19092
7/27/2010,19090
7/28/2010,19090
7/29/2010,19050
7/30/2010,19050
8/2/2010,19050
8/3/2010,19180
8/4/2010,19090
8/5/2010,19180
8/6/2010,19090
8/9/2010,19090
8/10/2010,19200
8/11/2010,19090
8/12/2010,19098
8/13/2010,19220
8/16/2010,19080
8/17/2010,19098
8/18/2010,19420
8/19/2010,19490
8/20/2010,19460
8/23/2010,19400
8/24/2010,19470
8/25/2010,19470
8/26/2010,19400
8/27/2010,19460
8/30/2010,19465
8/31/2010,19490
9/1/2010,19490
9/2/2010,19490
9/3/2010,19470
9/6/2010,19470
9/7/2010,19450
9/8/2010,19450
9/9/2010,19480
9/10/2010,19480
9/13/2010,19480
9/14/2010,19480
9/15/2010,19480
9/16/2010,19480
9/17/2010,19490
9/20/2010,19490
9/21/2010,19480
9/22/2010,19480
9/23/2010,19450
9/24/2010,19480
9/27/2010,19460
9/28/2010,19480
9/29/2010,19480
9/30/2010,19450
10/1/2010,19480
10/4/2010,19495
10/5/2010,19490
10/6/2010,19480
10/7/2010,19495
10/8/2010,19495
10/11/2010,19470
10/12/2010,19450
10/13/2010,19498
10/14/2010,19495
10/15/2010,19497
10/18/2010,19495
10/19/2010,19490
10/20/2010,19450
10/21/2010,19490
10/22/2010,19470
10/25/2010,19450
10/26/2010,19490
10/27/2010,19490
10/28/2010,19490
10/29/2010,19480
11/1/2010,19495
11/2/2010,19480
11/3/2010,19480
11/4/2010,19480
11/5/2010,19490
11/8/2010,19480
11/9/2010,19480
11/10/2010,19495
11/11/2010,19490
11/12/2010,19490
11/15/2010,19480
11/16/2010,19480
11/17/2010,19495
11/18/2010,19490
11/19/2010,19490
11/22/2010,19490
11/23/2010,19490
11/24/2010,19495
11/25/2010,19495
11/26/2010,19495
11/29/2010,19495
11/30/2010,19498
12/1/2010,19495
12/2/2010,19495
12/3/2010,19498
12/6/2010,19498
12/7/2010,19490
12/8/2010,19498
12/9/2010,19495
12/10/2010,19490
12/13/2010,19498
12/14/2010,19490
12/15/2010,19498
12/16/2010,19495
12/17/2010,19495
12/20/2010,19495
12/21/2010,19495
12/22/2010,19495
12/23/2010,19490
12/24/2010,19498
12/27/2010,19490
12/28/2010,19480
12/29/2010,19490
12/30/2010,19450
12/31/2010,19495
1/3/2011,19495
1/4/2011,19498
1/5/2011,19498
1/6/2011,19495
1/7/2011,19498
1/10/2011,19495
1/11/2011,19450
1/12/2011,19495
1/13/2011,19480
1/14/2011,19495
1/17/2011,19490
1/18/2011,19498
1/19/2011,19495
1/20/2011,19490
1/21/2011,19495
1/24/2011,19498
1/25/2011,19498
1/26/2011,19495
1/27/2011,19495
1/28/2011,19495
1/31/2011,19495
2/1/2011,19490
2/2/2011,19490
2/3/2011,19490
2/4/2011,19490
2/7/2011,19490
2/8/2011,19498
2/9/2011,19495
2/10/2011,19480
2/11/2011,20700
2/14/2011,20900
2/15/2011,20900
2/16/2011,20805
2/17/2011,20880
2/18/2011,20880
2/21/2011,20870
2/22/2011,20875
2/23/2011,20880
2/24/2011,20890
2/25/2011,20885
2/28/2011,20875
3/1/2011,20870
3/2/2011,20860
3/3/2011,20765
3/4/2011,20800
3/7/2011,20860
3/8/2011,20865
3/9/2011,20865
3/10/2011,20820
3/11/2011,20870
3/14/2011,20800
3/15/2011,20865
3/16/2011,20860
3/17/2011,20860
3/18/2011,20850
3/21/2011,20870
3/22/2011,20830
3/23/2011,20890
3/24/2011,20885
3/25/2011,20860
3/28/2011,20890
3/29/2011,20865
3/30/2011,20895
3/31/2011,20880
4/1/2011,20910
4/4/2011,20830
4/5/2011,20830
4/6/2011,20885
4/7/2011,20890
4/8/2011,20800
4/11/2011,20800
4/12/2011,20800
4/13/2011,20900
4/14/2011,20860
4/15/2011,20860
4/18/2011,20860
4/19/2011,20900
4/20/2011,20905
4/21/2011,20920
4/22/2011,20855
4/25/2011,20900
4/26/2011,20680
4/27/2011,20600
4/28/2011,20500
4/29/2011,20570
5/2/2011,20570
5/3/2011,20600
5/4/2011,20630
5/5/2011,20590
5/6/2011,20595
5/9/2011,20600
5/10/2011,20600
5/11/2011,20580
5/12/2011,20580
5/13/2011,20590
5/16/2011,20590
5/17/2011,20650
5/18/2011,20750
5/19/2011,20690
5/20/2011,20700
5/23/2011,20670
5/24/2011,20580
5/25/2011,20580
5/26/2011,20600
5/27/2011,20560
5/30/2011,20510
5/31/2011,20500
6/1/2011,20570
6/2/2011,20500
6/3/2011,20520
6/6/2011,20580
6/7/2011,20530
6/8/2011,20580
6/9/2011,20530
6/10/2011,20520
6/13/2011,20555
6/14/2011,20540
6/15/2011,20560
6/16/2011,20600
6/17/2011,20720
6/20/2011,20590
6/21/2011,20580
6/22/2011,20520
6/23/2011,20570
6/24/2011,20540
6/27/2011,20570
6/28/2011,20570
6/29/2011,20570
6/30/2011,20510
7/1/2011,20510
7/4/2011,20550
7/5/2011,20570
7/6/2011,20570
7/7/2011,20580
7/8/2011,20580
7/11/2011,20580
7/12/2011,20550
7/13/2011,20560
7/14/2011,20540
7/15/2011,20550
7/18/2011,20540
7/19/2011,20608
7/20/2011,20580
7/21/2011,20550
7/22/2011,20570
7/25/2011,20550
7/26/2011,20570
7/27/2011,20550
7/28/2011,20560
7/29/2011,20580
8/1/2011,20580
8/2/2011,20560
8/3/2011,20500
8/4/2011,20570
8/5/2011,20560
8/8/2011,20620
8/9/2011,20780
8/10/2011,20760
8/11/2011,20810
8/12/2011,20810
8/15/2011,20800
8/16/2011,20750
8/17/2011,20780
8/18/2011,20810
8/19/2011,20790
8/22/2011,20820
8/23/2011,20820
8/24/2011,20830
8/25/2011,20800
8/26/2011,20830
8/29/2011,20830
8/30/2011,20830
8/31/2011,20830
9/1/2011,20830
9/2/2011,20830
9/5/2011,20830
9/6/2011,20800
9/7/2011,20830
9/8/2011,20800
9/9/2011,20800
9/12/2011,20830
9/13/2011,20800
9/14/2011,20830
9/15/2011,20890
9/16/2011,20830
9/19/2011,20830
9/20/2011,20800
9/21/2011,20890
9/22/2011,20810
9/23/2011,20890
9/26/2011,20830
9/27/2011,20800
9/28/2011,20830
9/29/2011,20830
9/30/2011,20825
10/3/2011,20830
10/4/2011,20810
10/5/2011,20840
10/6/2011,20850
10/7/2011,20800
10/10/2011,20855
10/11/2011,20860
10/12/2011,20870
10/13/2011,20880
10/14/2011,20891
10/17/2011,20900
10/18/2011,20913
10/19/2011,20935
10/20/2011,20941
10/21/2011,20951
10/24/2011,20951
10/25/2011,20950
10/26/2011,20920
10/27/2011,20953
10/28/2011,20920
10/31/2011,21000
11/1/2011,21000
11/2/2011,21005
11/3/2011,21000
11/4/2011,21005
11/7/2011,21005
11/8/2011,21005
11/9/2011,21008
11/10/2011,21005
11/11/2011,21008
11/14/2011,21005
11/15/2011,21005
11/16/2011,21000
11/17/2011,21006
11/18/2011,21000
11/21/2011,21006
11/22/2011,21005
11/23/2011,21006
11/24/2011,21005
11/25/2011,21000
11/28/2011,21005
11/29/2011,21009
11/30/2011,21000
12/1/2011,21010
12/2/2011,21000
12/5/2011,21010
12/6/2011,21010
12/7/2011,21010
12/8/2011,21005
12/9/2011,21000
12/12/2011,21005
12/13/2011,21010
12/14/2011,21009
12/15/2011,21011
12/16/2011,21020
12/19/2011,21014
12/20/2011,21000
12/21/2011,21015
12/22/2011,21000
12/23/2011,21011
12/26/2011,21033
12/27/2011,21028
12/28/2011,21000
12/29/2011,21010
12/30/2011,21031
1/2/2012,21031
1/3/2012,21026
1/4/2012,21026
1/5/2012,21026
1/6/2012,21031
1/9/2012,21033
1/10/2012,21000
1/11/2012,21025
1/12/2012,21034
1/13/2012,21031
1/16/2012,21000
1/17/2012,21000
1/18/2012,20900
1/19/2012,20850
1/20/2012,20810
1/23/2012,20810
1/24/2012,20810
1/25/2012,20850
1/26/2012,20850
1/27/2012,20850
1/30/2012,20900
1/31/2012,21000
2/1/2012,20980
2/2/2012,20950
2/3/2012,20950
2/6/2012,20920
2/7/2012,20900
2/8/2012,20900
2/9/2012,20870
2/10/2012,20870
2/13/2012,20830
2/14/2012,20840
2/15/2012,20820
2/16/2012,20770
2/17/2012,20810
2/20/2012,20800
2/21/2012,20810
2/22/2012,20810
2/23/2012,20770
2/24/2012,20810
2/27/2012,20810
2/28/2012,20820
2/29/2012,20830
3/1/2012,20800
3/2/2012,20825
3/5/2012,20810
3/6/2012,20820
3/7/2012,20825
3/8/2012,20810
3/9/2012,20810
3/12/2012,20810
3/13/2012,20790
3/14/2012,20800
3/15/2012,20810
3/16/2012,20800
3/19/2012,20820
3/20/2012,20810
3/21/2012,20850
3/22/2012,20830
3/23/2012,20860
3/26/2012,20880
3/27/2012,20830
3/28/2012,20830
3/29/2012,20800
3/30/2012,20820
4/2/2012,20820
4/3/2012,20830
4/4/2012,20810
4/5/2012,20800
4/6/2012,20780
4/9/2012,20830
4/10/2012,20800
4/11/2012,20800
4/12/2012,20810
4/13/2012,20800
4/16/2012,20800
4/17/2012,20800
4/18/2012,20800
4/19/2012,20800
4/20/2012,20820
4/23/2012,20810
4/24/2012,20800
4/25/2012,20820
4/26/2012,20840
4/27/2012,20830
4/30/2012,20830
5/1/2012,20830
5/2/2012,20840
5/3/2012,20840
5/4/2012,20810
5/7/2012,20840
5/8/2012,20820
5/9/2012,20840
5/10/2012,20920
5/11/2012,20820
5/14/2012,20840
5/15/2012,20820
5/16/2012,20845
5/17/2012,20820
5/18/2012,20810
5/21/2012,20820
5/22/2012,20845
5/23/2012,20820
5/24/2012,20840
5/25/2012,20840
5/28/2012,20840
5/29/2012,20830
5/30/2012,20860
5/31/2012,20820
6/1/2012,20840
6/4/2012,20900
6/5/2012,20900
6/6/2012,20980
6/7/2012,20980
6/8/2012,20940
6/11/2012,20950
6/12/2012,20860
6/13/2012,20920
6/14/2012,20920
6/15/2012,20920
6/18/2012,20920
6/19/2012,20950
6/20/2012,20920
6/21/2012,20900
6/22/2012,20860
6/25/2012,20800
6/26/2012,20920
6/27/2012,20870
6/28/2012,20900
6/29/2012,20880
7/2/2012,20870
7/3/2012,20870
7/4/2012,20870
7/5/2012,20860
7/6/2012,20850
7/9/2012,20840
7/10/2012,20860
7/11/2012,20850
7/12/2012,20850
7/13/2012,20835
7/16/2012,20840
7/17/2012,20830
7/18/2012,20830
7/19/2012,20820
7/20/2012,20820
7/23/2012,20830
7/24/2012,20860
7/25/2012,20860
7/26/2012,20860
7/27/2012,20860
7/30/2012,20840
7/31/2012,20850
8/1/2012,20840
8/2/2012,20840
8/3/2012,20840
8/6/2012,20850
8/7/2012,20840
8/8/2012,20800
8/9/2012,20810
8/10/2012,20840
8/13/2012,20800
8/14/2012,20900
8/15/2012,20830
8/16/2012,20830
8/17/2012,20840
8/20/2012,20820
8/21/2012,20830
8/22/2012,20820
8/23/2012,20860
8/24/2012,20830
8/27/2012,20840
8/28/2012,20850
8/29/2012,20840
8/30/2012,20840
8/31/2012,20790
9/3/2012,20790
9/4/2012,20835
9/5/2012,20835
9/6/2012,20830
9/7/2012,20830
9/10/2012,20840
9/11/2012,20830
9/12/2012,20810
9/13/2012,20840
9/14/2012,20840
9/17/2012,20830
9/18/2012,20820
9/19/2012,20850
9/20/2012,20860
9/21/2012,20840
9/24/2012,20850
9/25/2012,20845
9/26/2012,20850
9/27/2012,20860
9/28/2012,20875
10/1/2012,20865
10/2/2012,20860
10/3/2012,20870
10/4/2012,20870
10/5/2012,20860
10/8/2012,20860
10/9/2012,20850
10/10/2012,20830
10/11/2012,20840
10/12/2012,20820
10/15/2012,20830
10/16/2012,20830
10/17/2012,20830
10/18/2012,20820
10/19/2012,20820
10/22/2012,20830
10/23/2012,20830
10/24/2012,20825
10/25/2012,20825
10/26/2012,20820
10/29/2012,20830
10/30/2012,20815
10/31/2012,20825
11/1/2012,20835
11/2/2012,20825
11/5/2012,20800
11/6/2012,20830
11/7/2012,20840
11/8/2012,20820
11/9/2012,20815
11/12/2012,20830
11/13/2012,20820
11/14/2012,20830
11/15/2012,20830
11/16/2012,20800
11/19/2012,20835
11/20/2012,20825
11/21/2012,20825
11/22/2012,20840
11/23/2012,20840
11/26/2012,20840
11/27/2012,20840
11/28/2012,20825
11/29/2012,20840
11/30/2012,20835
12/3/2012,20825
12/4/2012,20825
12/5/2012,20830
12/6/2012,20830
12/7/2012,20815
12/10/2012,20815
12/11/2012,20842
12/12/2012,20815
12/13/2012,20815
12/14/2012,20815
12/17/2012,20815
12/18/2012,20815
12/19/2012,20835
12/20/2012,20835
12/21/2012,20830
12/24/2012,20825
12/25/2012,20800
12/26/2012,20820
12/27/2012,20818
12/28/2012,20815
12/31/2012,20820
1/1/2013,20820
1/2/2013,20815
1/3/2013,20815
1/4/2013,20830
1/7/2013,20815
1/8/2013,20815
1/9/2013,20815
1/10/2013,20815
1/11/2013,20800
1/14/2013,20841
1/15/2013,20841
1/16/2013,20820
1/17/2013,20820
1/18/2013,20820
1/21/2013,20820
1/22/2013,20820
1/23/2013,20820
1/24/2013,20820
1/25/2013,20815
1/28/2013,20815
1/29/2013,20830
1/30/2013,20805
1/31/2013,20810
2/1/2013,20805
2/4/2013,20815
2/5/2013,20805
2/6/2013,20810
2/7/2013,20800
2/8/2013,20820
2/11/2013,20820
2/12/2013,20820
2/13/2013,20820
2/14/2013,20820
2/15/2013,20820
2/18/2013,20810
2/19/2013,20830
2/20/2013,20840
2/21/2013,20870
2/22/2013,20860
2/25/2013,20860
2/26/2013,20840
2/27/2013,20890
2/28/2013,20930
3/1/2013,20900
3/4/2013,20940
3/5/2013,20950
3/6/2013,20920
3/7/2013,20900
3/8/2013,20910
3/11/2013,20910
3/12/2013,20920
3/13/2013,20920
3/14/2013,20910
3/15/2013,20930
3/18/2013,20920
3/19/2013,20947
3/20/2013,20925
3/21/2013,20927
3/22/2013,20920
3/25/2013,20920
3/26/2013,20920
3/27/2013,20910
3/28/2013,20920
3/29/2013,20925
4/1/2013,20920
4/2/2013,20910
4/3/2013,20915
4/4/2013,20900
4/5/2013,20900
4/8/2013,20900
4/9/2013,20880
4/10/2013,20830
4/11/2013,20830
4/12/2013,20830
4/15/2013,20870
4/16/2013,20900
4/17/2013,20861
4/18/2013,20870
4/19/2013,20870
4/22/2013,20900
4/23/2013,20900
4/24/2013,20900
4/25/2013,20880
4/26/2013,20810
4/29/2013,20810
4/30/2013,20810
5/1/2013,20810
5/2/2013,20910
5/3/2013,20915
5/6/2013,20910
5/7/2013,20910
5/8/2013,20910
5/9/2013,20920
5/10/2013,20920
5/13/2013,20938
5/14/2013,20920
5/15/2013,20920
5/16/2013,20920
5/17/2013,20950
5/20/2013,20950
5/21/2013,20915
5/22/2013,20970
5/23/2013,20970
5/24/2013,20910
5/27/2013,20970
5/28/2013,20960
5/29/2013,20980
5/30/2013,20980
5/31/2013,20990
6/3/2013,20975
6/4/2013,20980
6/5/2013,21000
6/6/2013,20990
6/7/2013,21000
6/10/2013,21000
6/11/2013,21020
6/12/2013,21000
6/13/2013,21035
6/14/2013,20970
6/17/2013,21030
6/18/2013,21035
6/19/2013,21035
6/20/2013,21035
6/21/2013,21035
6/24/2013,21035
6/25/2013,21035
6/26/2013,21035
6/27/2013,21000
6/28/2013,21170
7/1/2013,21130
7/2/2013,21160
7/3/2013,21190
7/4/2013,21220
7/5/2013,21230
7/8/2013,21170
7/9/2013,21240
7/10/2013,21240
7/11/2013,21220
7/12/2013,21200
7/15/2013,21210
7/16/2013,21205
7/17/2013,21230
7/18/2013,21240
7/19/2013,21200
7/22/2013,21200
7/23/2013,21200
7/24/2013,21200
7/25/2013,21205
7/26/2013,21180
7/29/2013,21200
7/30/2013,21130
7/31/2013,21140
8/1/2013,21130
8/2/2013,21110
8/5/2013,21080
8/6/2013,21060
8/7/2013,21040
8/8/2013,21070
8/9/2013,21070
8/12/2013,21075
8/13/2013,21070
8/14/2013,21070
8/15/2013,21070
8/16/2013,21075
8/19/2013,21070
8/20/2013,21070
8/21/2013,21070
8/22/2013,21110
8/23/2013,21120
8/26/2013,21140
8/27/2013,21130
8/28/2013,21100
8/29/2013,21120
8/30/2013,21120
9/2/2013,21120
9/3/2013,21120
9/4/2013,21140
9/5/2013,21120
9/6/2013,21120
9/9/2013,21100
9/10/2013,21080
9/11/2013,21110
9/12/2013,21080
9/13/2013,21080
9/16/2013,21090
9/17/2013,21090
9/18/2013,21110
9/19/2013,21100
9/20/2013,21080
9/23/2013,21080
9/24/2013,21090
9/25/2013,21090
9/26/2013,21090
9/27/2013,21112
9/30/2013,21112
10/1/2013,21090
10/2/2013,21090
10/3/2013,21090
10/4/2013,21090
10/7/2013,21090
10/8/2013,21090
10/9/2013,21090
10/10/2013,21075
10/11/2013,21075
10/14/2013,21080
10/15/2013,21080
10/16/2013,21100
10/17/2013,21090
10/18/2013,21090
10/21/2013,21085
10/22/2013,21080
10/23/2013,21080
10/24/2013,21075
10/25/2013,21080
10/28/2013,21075
10/29/2013,21080
10/30/2013,21080
10/31/2013,21080
11/1/2013,21080
11/4/2013,21080
11/5/2013,21070
11/6/2013,21080
11/7/2013,21080
11/8/2013,21080
11/11/2013,21080
11/12/2013,21080
11/13/2013,21080
11/14/2013,21090
11/15/2013,21080
11/18/2013,21085
11/19/2013,21085
11/20/2013,21080
11/21/2013,21080
11/22/2013,21080
11/25/2013,21080
11/26/2013,21080
11/27/2013,21097
11/28/2013,21090
11/29/2013,21090
12/2/2013,21080
12/3/2013,21100
12/4/2013,21100
12/5/2013,21120
12/6/2013,21120
12/9/2013,21100
12/10/2013,21100
12/11/2013,21090
12/12/2013,21085
12/13/2013,21092
12/16/2013,21090
12/17/2013,21100
12/18/2013,21085
12/19/2013,21085
12/20/2013,21085
12/23/2013,21090
12/24/2013,21082
12/25/2013,21075
12/26/2013,21075
12/27/2013,21070
12/30/2013,21080
12/31/2013,21075
1/1/2014,21075
1/2/2014,21060
1/3/2014,21075
1/6/2014,21080
1/7/2014,21075
1/8/2014,21080
1/9/2014,21075
1/10/2014,21072
1/13/2014,21060
1/14/2014,21072
1/15/2014,21070
1/16/2014,21080
1/17/2014,21070
1/20/2014,21070
1/21/2014,21075
1/22/2014,21070
1/23/2014,21065
1/24/2014,21060
1/27/2014,21035
1/28/2014,21035
1/29/2014,21035
1/30/2014,21035
1/31/2014,21035
2/3/2014,21035
2/4/2014,21035
2/5/2014,21075
2/6/2014,21080
2/7/2014,21085
2/10/2014,21085
2/11/2014,21090
2/12/2014,21080
2/13/2014,21085
2/14/2014,21070
2/17/2014,21080
2/18/2014,21080
2/19/2014,21080
2/20/2014,21080
2/21/2014,21085
2/24/2014,21085
2/25/2014,21085
2/26/2014,21080
2/27/2014,21080
2/28/2014,21080
3/3/2014,21085
3/4/2014,21080
3/5/2014,21080
3/6/2014,21080
3/7/2014,21080
3/10/2014,21080
3/11/2014,21080
3/12/2014,21080
3/13/2014,21080
3/14/2014,21080
3/17/2014,21070
3/18/2014,21075
3/19/2014,21075
3/20/2014,21075
3/21/2014,21075
3/24/2014,21075
3/25/2014,21075
3/26/2014,21075
3/27/2014,21080
3/28/2014,21085
3/31/2014,21075
4/1/2014,21075
4/2/2014,21075
4/3/2014,21070
4/4/2014,21070
4/7/2014,21075
4/8/2014,21075
4/9/2014,21075
4/10/2014,21075
4/11/2014,21095
4/14/2014,21075
4/15/2014,21095
4/16/2014,21075
4/17/2014,21075
4/18/2014,21075
4/21/2014,21075
4/22/2014,21075
4/23/2014,21090
4/24/2014,21085
4/25/2014,21080
4/28/2014,21070
4/29/2014,21060
4/30/2014,21060
5/1/2014,21060
5/2/2014,21060
5/5/2014,21070
5/6/2014,21075
5/7/2014,21070
5/8/2014,21080
5/9/2014,21080
5/12/2014,21075
5/13/2014,21075
5/14/2014,21085
5/15/2014,21100
5/16/2014,21140
5/19/2014,21110
5/20/2014,21130
5/21/2014,21130
5/22/2014,21110
5/23/2014,21125
5/26/2014,21120
5/27/2014,21120
5/28/2014,21140
5/29/2014,21140
5/30/2014,21135
6/2/2014,21160
6/3/2014,21190
6/4/2014,21160
6/5/2014,21180
6/6/2014,21160
6/9/2014,21190
6/10/2014,21185
6/11/2014,21195
6/12/2014,21195
6/13/2014,21200
6/16/2014,21185
6/17/2014,21200
6/18/2014,21185
6/19/2014,21295
6/20/2014,21280
6/23/2014,21305
6/24/2014,21280
6/25/2014,21300
6/26/2014,21300
6/27/2014,21300
6/30/2014,21300
7/1/2014,21300
7/2/2014,21290
7/3/2014,21270
7/4/2014,21260
7/7/2014,21245
7/8/2014,21235
7/9/2014,21245
7/10/2014,21175
7/11/2014,21170
7/14/2014,21160
7/15/2014,21170
7/16/2014,21170
7/17/2014,21170
7/18/2014,21185
7/21/2014,21190
7/22/2014,21190
7/23/2014,21200
7/24/2014,21210
7/25/2014,21200
7/28/2014,21200
7/29/2014,21220
7/30/2014,21220
7/31/2014,21200
8/1/2014,21200
8/4/2014,21200
8/5/2014,21210
8/6/2014,21190
8/7/2014,21180
8/8/2014,21190
8/11/2014,21180
8/12/2014,21170
8/13/2014,21175
8/14/2014,21180
8/15/2014,21180
8/18/2014,21175
8/19/2014,21175
8/20/2014,21175
8/21/2014,21175
8/22/2014,21175
8/25/2014,21180
8/26/2014,21185
8/27/2014,21170
8/28/2014,21170
8/29/2014,21170
9/1/2014,21170
9/2/2014,21170
9/3/2014,21185
9/4/2014,21170
9/5/2014,21170
9/8/2014,21170
9/9/2014,21170
9/10/2014,21170
9/11/2014,21180
9/12/2014,21170
9/15/2014,21170
9/16/2014,21170
9/17/2014,21175
9/18/2014,21190
9/19/2014,21180
9/22/2014,21190
9/23/2014,21200
9/24/2014,21190
9/25/2014,21190
9/26/2014,21190
9/29/2014,21220
9/30/2014,21190
10/1/2014,21190
10/2/2014,21235
10/3/2014,21190
10/6/2014,21260
10/7/2014,21260
10/8/2014,21240
10/9/2014,21185
10/10/2014,21220
10/13/2014,21190
10/14/2014,21195
10/15/2014,21215
10/16/2014,21200
10/17/2014,21220
10/20/2014,21220
10/21/2014,21240
10/22/2014,21220
10/23/2014,21240
10/24/2014,21250
10/27/2014,21260
10/28/2014,21240
10/29/2014,21245
10/30/2014,21220
10/31/2014,21255
11/3/2014,21270
11/4/2014,21250
11/5/2014,21228
11/6/2014,21260
11/7/2014,21270
11/10/2014,21185
11/11/2014,21270
11/12/2014,21270
11/13/2014,21290
11/14/2014,21290
11/17/2014,21310
11/18/2014,21355
11/19/2014,21280
11/20/2014,21295
11/21/2014,21345
11/24/2014,21285
11/25/2014,21370
11/26/2014,21380
11/27/2014,21390
11/28/2014,21300
12/1/2014,21390
12/2/2014,21370
12/3/2014,21340
12/4/2014,21300
12/5/2014,21310
12/8/2014,21300
12/9/2014,21340
12/10/2014,21340
12/11/2014,21340
12/12/2014,21370
12/15/2014,21370
12/16/2014,21360
12/17/2014,21370
12/18/2014,21370
12/19/2014,21370
12/22/2014,21365
12/23/2014,21365
12/24/2014,21370
12/25/2014,21370
12/26/2014,21370
12/29/2014,21300
12/30/2014,21380
12/31/2014,21370
1/1/2015,21370
1/2/2015,21370
1/5/2015,21370
1/6/2015,21420
1/7/2015,21420
1/8/2015,21360
1/9/2015,21340
1/12/2015,21315
1/13/2015,21315
1/14/2015,21310
1/15/2015,21320
1/16/2015,21315
1/19/2015,21330
1/20/2015,21330
1/21/2015,21350
1/22/2015,21330
1/23/2015,21320
1/26/2015,21320
1/27/2015,21320
1/28/2015,21320
1/29/2015,21230
1/30/2015,21267
2/2/2015,21204
2/3/2015,21185
2/4/2015,21358
2/5/2015,21234
2/6/2015,21232
2/9/2015,21308
2/10/2015,21115
2/11/2015,21268
2/12/2015,21238
2/13/2015,21300
2/16/2015,21300
2/17/2015,21300
2/18/2015,21300
2/19/2015,21300
2/20/2015,21300
2/23/2015,21300
2/24/2015,21290
2/25/2015,21335
2/26/2015,21335
2/27/2015,21320
3/2/2015,21320
3/3/2015,21320
3/4/2015,21335
3/5/2015,21350
3/6/2015,21320
3/9/2015,21325
3/10/2015,21320
3/11/2015,21325
3/12/2015,21335
3/13/2015,21360
3/16/2015,21450
3/17/2015,21450
3/18/2015,21475
3/19/2015,21455
3/20/2015,21465
3/23/2015,21490
3/24/2015,21500
3/25/2015,21475
3/26/2015,21485
3/27/2015,21500
3/30/2015,21515
3/31/2015,21520
4/1/2015,21530
4/2/2015,21560
4/3/2015,21565
4/6/2015,21565
4/7/2015,21575
4/8/2015,21580
4/9/2015,21580
4/10/2015,21580
4/13/2015,21580
4/14/2015,21575
4/15/2015,21580
4/16/2015,21602
4/17/2015,21560
4/20/2015,21555
4/21/2015,21555
4/22/2015,21584
4/23/2015,21560
4/24/2015,21565
4/27/2015,21550
4/28/2015,21550
4/29/2015,21550
4/30/2015,21550
5/1/2015,21550
5/4/2015,21600
5/5/2015,21620
5/6/2015,21620
5/7/2015,21645
5/8/2015,21650
5/11/2015,21680
5/12/2015,21680
5/13/2015,21705
5/14/2015,21775
5/15/2015,21735
5/18/2015,21765
5/19/2015,21780
5/20/2015,21790
5/21/2015,21785
5/22/2015,21770
5/25/2015,21830
5/26/2015,21795
5/27/2015,21780
5/28/2015,21785
5/29/2015,21785
6/1/2015,21790
6/2/2015,21790
6/3/2015,21790
6/4/2015,21790
6/5/2015,21785
6/8/2015,21790
6/9/2015,21780
6/10/2015,21775
6/11/2015,21750
6/12/2015,21760
6/15/2015,21775
6/16/2015,21775
6/17/2015,21765
6/18/2015,21785
6/19/2015,21780
6/22/2015,21780
6/23/2015,21778
6/24/2015,21772
6/25/2015,21818
6/26/2015,21810
6/29/2015,21813
6/30/2015,21802
7/1/2015,21780
7/2/2015,21780
7/3/2015,21780
7/6/2015,21796
7/7/2015,21790
7/8/2015,21813
7/9/2015,21807
7/10/2015,21783
7/13/2015,21807
7/14/2015,21807
7/15/2015,21807
7/16/2015,21809
7/17/2015,21809
7/20/2015,21816
7/21/2015,21811
7/22/2015,21814
7/23/2015,21808
7/24/2015,21808
7/27/2015,21814
7/28/2015,21813
7/29/2015,21815
7/30/2015,21811
7/31/2015,21813
8/3/2015,21807
8/4/2015,21809
8/5/2015,21812
8/6/2015,21803
8/7/2015,21806
8/10/2015,21812
8/11/2015,21819
8/12/2015,22018
8/13/2015,22082
8/14/2015,22096
8/17/2015,22090
8/18/2015,22085
8/19/2015,22364
8/20/2015,22363
8/21/2015,22488
8/24/2015,22536
8/25/2015,22536
8/26/2015,22534
8/27/2015,22534
8/28/2015,22460
8/31/2015,22480
9/1/2015,22475
9/2/2015,22475
9/3/2015,22460
9/4/2015,22470
9/7/2015,22467
9/8/2015,22532
9/9/2015,22470
9/10/2015,22530
9/11/2015,22530
9/14/2015,22419
9/15/2015,22503
9/16/2015,22478
9/17/2015,22493
9/18/2015,22458
9/21/2015,22458
9/22/2015,22473
9/23/2015,22478
9/24/2015,22483
9/25/2015,22471
9/28/2015,22473
9/29/2015,22464
9/30/2015,22471
10/1/2015,22471
10/2/2015,22470
10/5/2015,22476
10/6/2015,22469
10/7/2015,22467
10/8/2015,22174
10/9/2015,22193
10/12/2015,22330
10/13/2015,22384
10/14/2015,22390
10/15/2015,22384
10/16/2015,22236
10/19/2015,22386
10/20/2015,22382
10/21/2015,22384
10/22/2015,22276
10/23/2015,22384
10/26/2015,22298
10/27/2015,22306
10/28/2015,22304
10/29/2015,22313
10/30/2015,22309
11/2/2015,22298
11/3/2015,22316
11/4/2015,22312
11/5/2015,22313
11/6/2015,22356
11/9/2015,22420
11/10/2015,22390
11/11/2015,22380
11/12/2015,22395
11/13/2015,22415
11/16/2015,22430
11/17/2015,22470
11/18/2015,22430
11/19/2015,22470
11/20/2015,22465
11/23/2015,22485
11/24/2015,22468
11/25/2015,22468
11/26/2015,22480
11/27/2015,22475
11/30/2015,22468
12/1/2015,22488
12/2/2015,22495
12/3/2015,22480
12/4/2015,22470
12/7/2015,22475
12/8/2015,22460
12/9/2015,22470
12/10/2015,22470
12/11/2015,22490
12/14/2015,22500
12/15/2015,22530
12/16/2015,22517
12/17/2015,22499
12/18/2015,22496
12/21/2015,22545
12/22/2015,22546
12/23/2015,22517
12/24/2015,22517
12/25/2015,22540
12/28/2015,22517
12/29/2015,22470
12/30/2015,22406
12/31/2015,22480
1/1/2016,22480
1/4/2016,22424
1/5/2016,22458
1/6/2016,22465
1/7/2016,22428
1/8/2016,22426
1/11/2016,22418
1/12/2016,22428
1/13/2016,22393
1/14/2016,22436
1/15/2016,22415
1/18/2016,22365
1/19/2016,22392
1/20/2016,22396
1/21/2016,22336
1/22/2016,22392
1/25/2016,22314
1/26/2016,22303
1/27/2016,22268
1/28/2016,22171
1/29/2016,22198
2/1/2016,22236
2/2/2016,22263
2/3/2016,22219
2/4/2016,22288
2/5/2016,22236
2/8/2016,22214
2/9/2016,22192
2/10/2016,22214
2/11/2016,22214
2/12/2016,22246
2/15/2016,22330
2/16/2016,22348
2/17/2016,22356
2/18/2016,22316
2/19/2016,22333
2/22/2016,22358
2/23/2016,22335
2/24/2016,22348
2/25/2016,22301
2/26/2016,22293
2/29/2016,22277
3/1/2016,22297
3/2/2016,22310
3/3/2016,22268
3/4/2016,22219
3/7/2016,22272
3/8/2016,22276
3/9/2016,22273
3/10/2016,22219
3/11/2016,22238
3/14/2016,22268
3/15/2016,22282
3/16/2016,22290
3/17/2016,22247
3/18/2016,22270
3/21/2016,22268
3/22/2016,22290
3/23/2016,22345
3/24/2016,22323
3/25/2016,22300
3/28/2016,22301
3/29/2016,22301
3/30/2016,22228
3/31/2016,22264
4/1/2016,22272
4/4/2016,22273
4/5/2016,22274
4/6/2016,22265
4/7/2016,22260
4/8/2016,22289
4/11/2016,22285
4/12/2016,22238
4/13/2016,22278
4/14/2016,22288
4/15/2016,22282
4/18/2016,22282
4/19/2016,22272
4/20/2016,22271
4/21/2016,22266
4/22/2016,22266
4/25/2016,22276
4/26/2016,22254
4/27/2016,22244
4/28/2016,22278
4/29/2016,22244
5/2/2016,22222
5/3/2016,22228
5/4/2016,22228
5/5/2016,22228
5/6/2016,22241
5/9/2016,22251
5/10/2016,22271
5/11/2016,22252
5/12/2016,22300
5/13/2016,22310
5/16/2016,22234
5/17/2016,22278
5/18/2016,22234
5/19/2016,22313
5/20/2016,22315
5/23/2016,22276
5/24/2016,22309
5/25/2016,22306
5/26/2016,22356
5/27/2016,22370
5/30/2016,22415
5/31/2016,22366
6/1/2016,22409
6/2/2016,22364
6/3/2016,22388
6/6/2016,22348
6/7/2016,22318
6/8/2016,22288
6/9/2016,22296
6/10/2016,22320
6/13/2016,22344
6/14/2016,22344
6/15/2016,22322
6/16/2016,22262
6/17/2016,22322
6/20/2016,22322
6/21/2016,22322
6/22/2016,22257
6/23/2016,22281
6/24/2016,22288
6/27/2016,22313
6/28/2016,22265
6/29/2016,22258
6/30/2016,22281
7/1/2016,22281
7/4/2016,22305
7/5/2016,22305
7/6/2016,22278
7/7/2016,22278
7/8/2016,22275
7/11/2016,22273
7/12/2016,22254
7/13/2016,22279
7/14/2016,22277
7/15/2016,22278
7/18/2016,22278
7/19/2016,22270
7/20/2016,22248
7/21/2016,22280
7/22/2016,22282
7/25/2016,22278
7/26/2016,22278
7/27/2016,22300
7/28/2016,22278
7/29/2016,22273
8/1/2016,22253
8/2/2016,22278
8/3/2016,22234
8/4/2016,22260
8/5/2016,22295
8/8/2016,22238
8/9/2016,22273
8/10/2016,22276
8/11/2016,22278
8/12/2016,22298
8/15/2016,22278
8/16/2016,22278
8/17/2016,22279
8/18/2016,22257
8/19/2016,22248
8/22/2016,22248
8/23/2016,22275
8/24/2016,22276
8/25/2016,22278
8/26/2016,22283
8/29/2016,22248
8/30/2016,22248
8/31/2016,22300
9/1/2016,22273
9/2/2016,22251
9/5/2016,22301
9/6/2016,22276
9/7/2016,22277
9/8/2016,22255
9/9/2016,22277
9/12/2016,22226
9/13/2016,22278
9/14/2016,22258
9/15/2016,22283
9/16/2016,22288
9/19/2016,22261
9/20/2016,22276
9/21/2016,22298
9/22/2016,22283
9/23/2016,22289
9/26/2016,22289
9/27/2016,22278
9/28/2016,22291
9/29/2016,22280
9/30/2016,22281
10/3/2016,22304
10/4/2016,22283
10/5/2016,22275
10/6/2016,22253
10/7/2016,22253
10/10/2016,22295
10/11/2016,22258
10/12/2016,22248
10/13/2016,22253
10/14/2016,22256
10/17/2016,22308
10/18/2016,22265
10/19/2016,22255
10/20/2016,22258
10/21/2016,22273
10/24/2016,22265
10/25/2016,22283
10/26/2016,22313
10/27/2016,22325
10/28/2016,22283
10/31/2016,22284
11/1/2016,22284
11/2/2016,22268
11/3/2016,22268
11/4/2016,22268
11/7/2016,22295
11/8/2016,22312
11/9/2016,22268
11/10/2016,22275
11/11/2016,22320
11/14/2016,22304
11/15/2016,22307
11/16/2016,22381
11/17/2016,22366
11/18/2016,22456
11/21/2016,22560
11/22/2016,22478
11/23/2016,22554
11/24/2016,22760
11/25/2016,22725
11/28/2016,22700
11/29/2016,22670
11/30/2016,22640
12/1/2016,22680
12/2/2016,22660
12/5/2016,22710
12/6/2016,22720
12/7/2016,22680
12/8/2016,22630
12/9/2016,22585
12/12/2016,22620
12/13/2016,22655
12/14/2016,22710
12/15/2016,22740
12/16/2016,22745
12/19/2016,22755
12/20/2016,22760
12/21/2016,22766
12/22/2016,22759
12/23/2016,22755
12/26/2016,22762
12/27/2016,22762
12/28/2016,22770
12/29/2016,22777
12/30/2016,22770
1/2/2017,22770
1/3/2017,22745
1/4/2017,22725
1/5/2017,22675
1/6/2017,22560
1/9/2017,22580
1/10/2017,22570
1/11/2017,22570
1/12/2017,22570
1/13/2017,22560
1/16/2017,22570
1/17/2017,22570
1/18/2017,22572
1/19/2017,22564
1/20/2017,22570
1/23/2017,22550
1/24/2017,22570
1/25/2017,22590
1/26/2017,22590
1/27/2017,22590
1/30/2017,22590
1/31/2017,22590
2/1/2017,22590
2/2/2017,22640
2/3/2017,22615
2/6/2017,22580
2/7/2017,22590
2/8/2017,22650
2/9/2017,22665
2/10/2017,22640
2/13/2017,22670
2/14/2017,22740
2/15/2017,22775
2/16/2017,22760
2/17/2017,22760
2/20/2017,22814
2/21/2017,22830
2/22/2017,22830
2/23/2017,22790
2/24/2017,22815
2/27/2017,22777
2/28/2017,22750
3/1/2017,22790
3/2/2017,22815
3/3/2017,22840
3/6/2017,22800
3/7/2017,22800
3/8/2017,22795
3/9/2017,22800
3/10/2017,22760
3/13/2017,22800
3/14/2017,22800
3/15/2017,22825
3/16/2017,22770
3/17/2017,22782
3/20/2017,22790
3/21/2017,22780
3/22/2017,22773
3/23/2017,22790
3/24/2017,22785
3/27/2017,22773
3/28/2017,22770
3/29/2017,22773
3/30/2017,22765
3/31/2017,22750
4/3/2017,22730
4/4/2017,22690
4/5/2017,22680
4/6/2017,22640
4/7/2017,22605
4/10/2017,22595
4/11/2017,22653
4/12/2017,22670
4/13/2017,22590
4/14/2017,22750
4/17/2017,22670
4/18/2017,22650
4/19/2017,22734
4/20/2017,22690
4/21/2017,22650
4/24/2017,22715
4/25/2017,22760
4/26/2017,22710
4/27/2017,22730
4/28/2017,22740
5/1/2017,22700
5/2/2017,22700
5/3/2017,22740
5/4/2017,22740
5/5/2017,22730
5/8/2017,22690
5/9/2017,22730
5/10/2017,22738
5/11/2017,22722
5/12/2017,22690
5/15/2017,22678
5/16/2017,22600
5/17/2017,22630
5/18/2017,22680
5/19/2017,22600
5/22/2017,22625
5/23/2017,22675
5/24/2017,22600
5/25/2017,22625
5/26/2017,22675
5/29/2017,22740
5/30/2017,22700
5/31/2017,22710
6/1/2017,22700
6/2/2017,22675
6/5/2017,22700
6/6/2017,22700
6/7/2017,22700
6/8/2017,22685
6/9/2017,22675
6/12/2017,22685
6/13/2017,22690
6/14/2017,22700
6/15/2017,22670
6/16/2017,22685
6/19/2017,22700
6/20/2017,22720
6/21/2017,22675
6/22/2017,22670
6/23/2017,22710
6/26/2017,22705
6/27/2017,22700
6/28/2017,22725
6/29/2017,22725
6/30/2017,22700
7/3/2017,22735
7/4/2017,22736
7/5/2017,22735
7/6/2017,22730
7/7/2017,22705
7/10/2017,22705
7/11/2017,22700
7/12/2017,22705
7/13/2017,22705
7/14/2017,22705
7/17/2017,22715
7/18/2017,22715
7/19/2017,22730
7/20/2017,22725
7/21/2017,22700
7/24/2017,22710
7/25/2017,22725
7/26/2017,22705
7/27/2017,22700
7/28/2017,22728
7/31/2017,22726
8/1/2017,22720
8/2/2017,22720
8/3/2017,22725
8/4/2017,22725
8/7/2017,22730
8/8/2017,22725
8/9/2017,22729
8/10/2017,22730
8/11/2017,22727
8/14/2017,22727
8/15/2017,22727
8/16/2017,22727
8/17/2017,22728
8/18/2017,22728
8/21/2017,22727
8/22/2017,22728
8/23/2017,22730
8/24/2017,22738
8/25/2017,22732
8/28/2017,22725
8/29/2017,22725
8/30/2017,22725
8/31/2017,22715
9/1/2017,22725
9/4/2017,22725
9/5/2017,22728
9/6/2017,22720
9/7/2017,22720
9/8/2017,22725
9/11/2017,22710
9/12/2017,22720
9/13/2017,22720
9/14/2017,22720
9/15/2017,22715
9/18/2017,22721
9/19/2017,22720
9/20/2017,22725
9/21/2017,22720
9/22/2017,22715
9/25/2017,22730
9/26/2017,22720
9/27/2017,22720
9/28/2017,22715
9/29/2017,22720
10/2/2017,22715
10/3/2017,22715
10/4/2017,22720
10/5/2017,22715
10/6/2017,22715
10/9/2017,22725
10/10/2017,22720
10/11/2017,22718
10/12/2017,22719
10/13/2017,22710
10/16/2017,22705
10/17/2017,22718
10/18/2017,22719
10/19/2017,22710
10/20/2017,22718
10/23/2017,22723
10/24/2017,22719
10/25/2017,22720
10/26/2017,22720
10/27/2017,22700
10/30/2017,22700
10/31/2017,22700
11/1/2017,22701
11/2/2017,22700
11/3/2017,22700
11/6/2017,22705
11/7/2017,22701
11/8/2017,22700
11/9/2017,22700
11/10/2017,22701
11/13/2017,22695
11/14/2017,22710
11/15/2017,22701
11/16/2017,22701
11/17/2017,22712
11/20/2017,22700
11/21/2017,22700
11/22/2017,22715
11/23/2017,22727
11/24/2017,22715
11/27/2017,22715
11/28/2017,22705
11/29/2017,22715
11/30/2017,22705
12/1/2017,22700
12/4/2017,22702
12/5/2017,22705
12/6/2017,22705
12/7/2017,22701
12/8/2017,22710
12/11/2017,22700
12/12/2017,22701
12/13/2017,22701
12/14/2017,22705
12/15/2017,22700
12/18/2017,22714
12/19/2017,22701
12/20/2017,22700
12/21/2017,22705
12/22/2017,22701
12/25/2017,22711
12/26/2017,22690
12/27/2017,22710
12/28/2017,22710
12/29/2017,22700
1/1/2018,22700
1/2/2018,22700
1/3/2018,22708
1/4/2018,22710
1/5/2018,22709
1/8/2018,22700
1/9/2018,22709
1/10/2018,22701
1/11/2018,22695
1/12/2018,22708
1/15/2018,22709
1/16/2018,22710
1/17/2018,22700
1/18/2018,22701
1/19/2018,22700
1/22/2018,22701
1/23/2018,22710
1/24/2018,22696
1/25/2018,22701
1/26/2018,22710
1/29/2018,22701
1/30/2018,22700
1/31/2018,22700
2/1/2018,22709
2/2/2018,22709
2/5/2018,22695
2/6/2018,22700
2/7/2018,22691
2/8/2018,22698
2/9/2018,22690
2/12/2018,22702
2/13/2018,22700
2/14/2018,22695
2/15/2018,22695
2/16/2018,22695
2/19/2018,22695
2/20/2018,22685
2/21/2018,22715
2/22/2018,22710
2/23/2018,22740
2/26/2018,22732
2/27/2018,22750
2/28/2018,22756
3/1/2018,22750
3/2/2018,22760
3/5/2018,22765
3/6/2018,22769
3/7/2018,22759
3/8/2018,22756
3/9/2018,22760
3/12/2018,22758
3/13/2018,22762
3/14/2018,22765
3/15/2018,22767
3/16/2018,22764
3/19/2018,22765
3/20/2018,22774
3/21/2018,22774
3/22/2018,22794
3/23/2018,22802
3/26/2018,22810
3/27/2018,22815
3/28/2018,22818
3/29/2018,22809
3/30/2018,22793
4/2/2018,22792
4/3/2018,22809
4/4/2018,22815
4/5/2018,22813
4/6/2018,22800
4/9/2018,22790
4/10/2018,22790
4/11/2018,22788
4/12/2018,22786
4/13/2018,22784
4/16/2018,22775
4/17/2018,22770
4/18/2018,22773
4/19/2018,22778
4/20/2018,22771
4/23/2018,22769
4/24/2018,22768
4/25/2018,22768
4/26/2018,22765
4/27/2018,22763
4/30/2018,22763
5/1/2018,22763
5/2/2018,22760
5/3/2018,22762
5/4/2018,22767
5/7/2018,22767
5/8/2018,22772
5/9/2018,22774
5/10/2018,22769
5/11/2018,22769
5/14/2018,22765
5/15/2018,22768
5/16/2018,22770
5/17/2018,22773
5/18/2018,22785
5/21/2018,22770
5/22/2018,22769
5/23/2018,22773
5/24/2018,22777
5/25/2018,22769
5/28/2018,22814
5/29/2018,22830
5/30/2018,22850
5/31/2018,22804
6/1/2018,22796
6/4/2018,22826
6/5/2018,22829
6/6/2018,22805
6/7/2018,22801
6/8/2018,22790
6/11/2018,22814
6/12/2018,22812
6/13/2018,22810
6/14/2018,22812
6/15/2018,22815
6/18/2018,22835
6/19/2018,22852
6/20/2018,22866
6/21/2018,22876
6/22/2018,22891
6/25/2018,22895
6/26/2018,22920
6/27/2018,22935
6/28/2018,22935
6/29/2018,22956
7/2/2018,22952
7/3/2018,23045
7/4/2018,23038
7/5/2018,23040
7/6/2018,23035
7/9/2018,23038
7/10/2018,23039
7/11/2018,23043
7/12/2018,23047
7/13/2018,23050
7/16/2018,23050
7/17/2018,23050
7/18/2018,23049
7/19/2018,23050
7/20/2018,23053
7/23/2018,23220
7/24/2018,23248
7/25/2018,23215
7/26/2018,23175
7/27/2018,23230
7/30/2018,23255
7/31/2018,23280
8/1/2018,23290
8/2/2018,23280
8/3/2018,23304
8/6/2018,23306
8/7/2018,23302
8/8/2018,23282
8/9/2018,23275
8/10/2018,23275
8/13/2018,23310
8/14/2018,23314
8/15/2018,23310
8/16/2018,23312
8/17/2018,23293
8/20/2018,23272
8/21/2018,23268
8/22/2018,23274
8/23/2018,23281
8/24/2018,23300
8/27/2018,23293
8/28/2018,23295
8/29/2018,23300
8/30/2018,23302
8/31/2018,23303
9/3/2018,23303
9/4/2018,23312
9/5/2018,23313
9/6/2018,23314
9/7/2018,23302
9/10/2018,23302
9/11/2018,23283
9/12/2018,23280
9/13/2018,23276
9/14/2018,23247
9/17/2018,23289
9/18/2018,23280
9/19/2018,23305
9/20/2018,23320
9/21/2018,23332
9/24/2018,23337
9/25/2018,23345
9/26/2018,23348
9/27/2018,23345
9/28/2018,23325
10/1/2018,23330
10/2/2018,23325
10/3/2018,23340
10/4/2018,23348
10/5/2018,23330
10/8/2018,23350
10/9/2018,23355
10/10/2018,23350
10/11/2018,23345
10/12/2018,23343
10/15/2018,23330
10/16/2018,23338
10/17/2018,23342
10/18/2018,23347
10/19/2018,23351
10/22/2018,23348
10/23/2018,23348
10/24/2018,23348
10/25/2018,23350
10/26/2018,23355
10/29/2018,23343
10/30/2018,23343
10/31/2018,23343
11/1/2018,23345
11/2/2018,23330
11/5/2018,23310
11/6/2018,23325
11/7/2018,23326
11/8/2018,23318
11/9/2018,23290
11/12/2018,23300
11/13/2018,23308
11/14/2018,23315
11/15/2018,23308
11/16/2018,23306
11/19/2018,23310
11/20/2018,23336
11/21/2018,23352
11/22/2018,23345
11/23/2018,23360
11/26/2018,23340
11/27/2018,23345
11/28/2018,23335
11/29/2018,23327
11/30/2018,23315
12/3/2018,23300
12/4/2018,23283
12/5/2018,23306
12/6/2018,23332
12/7/2018,23310
12/10/2018,23305
12/11/2018,23300
12/12/2018,23300
12/13/2018,23285
12/14/2018,23287
12/17/2018,23318
12/18/2018,23318
12/19/2018,23307
12/20/2018,23300
12/21/2018,23282
12/24/2018,23278
12/25/2018,23277
12/26/2018,23260
12/27/2018,23230
12/28/2018,23190
12/31/2018,23190
1/1/2019,23190
1/2/2019,23205
1/3/2019,23200
1/4/2019,23198
1/7/2019,23198
1/8/2019,23198
1/9/2019,23198
1/10/2019,23196
1/11/2019,23198
1/14/2019,23199
1/15/2019,23203
1/16/2019,23198
1/17/2019,23198
1/18/2019,23197
1/21/2019,23198
1/22/2019,23198
1/23/2019,23196
1/24/2019,23196
1/25/2019,23192
1/28/2019,23194
1/29/2019,23196
1/30/2019,23203
1/31/2019,23198
2/1/2019,23200
2/4/2019,23200
2/5/2019,23200
2/6/2019,23200
2/7/2019,23200
2/8/2019,23200
2/11/2019,23210
2/12/2019,23208
2/13/2019,23196
2/14/2019,23201
2/15/2019,23201
2/18/2019,23199
2/19/2019,23199
2/20/2019,23198
2/21/2019,23210
2/22/2019,23209
2/25/2019,23216
2/26/2019,23200
2/27/2019,23199
2/28/2019,23199
3/1/2019,23202
3/4/2019,23200
3/5/2019,23198
3/6/2019,23200
3/7/2019,23197
3/8/2019,23199
3/11/2019,23198
3/12/2019,23198
3/13/2019,23199
3/14/2019,23198
3/15/2019,23198
3/18/2019,23202
3/19/2019,23208
3/20/2019,23209
3/21/2019,23200
3/22/2019,23199
3/25/2019,23199
3/26/2019,23198
3/27/2019,23198
3/28/2019,23200
3/29/2019,23203
4/1/2019,23199
4/2/2019,23197
4/3/2019,23199
4/4/2019,23198
4/5/2019,23199
4/8/2019,23199
4/9/2019,23198
4/10/2019,23200
4/11/2019,23196
4/12/2019,23199
4/15/2019,23199
4/16/2019,23199
4/17/2019,23198
4/18/2019,23203
4/19/2019,23210
4/22/2019,23218
4/23/2019,23210
4/24/2019,23215
4/25/2019,23215
4/26/2019,23285
4/29/2019,23285
4/30/2019,23285
5/1/2019,23285
5/2/2019,23260
5/3/2019,23249
5/6/2019,23280
5/7/2019,23290
5/8/2019,23365
5/9/2019,23380
5/10/2019,23345
5/13/2019,23325
5/14/2019,23375
5/15/2019,23300
5/16/2019,23300
5/17/2019,23388
5/20/2019,23400
5/21/2019,23390
5/22/2019,23370
5/23/2019,23388
5/24/2019,23380
5/27/2019,23386
5/28/2019,23392
5/29/2019,23406
5/30/2019,23415
5/31/2019,23410
6/3/2019,23393
6/4/2019,23395
6/5/2019,23412
6/6/2019,23402
6/7/2019,23395
6/10/2019,23360
6/11/2019,23337
6/12/2019,23315
6/13/2019,23310
6/14/2019,23330
6/17/2019,23345
6/18/2019,23335
6/19/2019,23315
6/20/2019,23295
6/21/2019,23280
6/24/2019,23286
6/25/2019,23296
6/26/2019,23300
6/27/2019,23310
6/28/2019,23300
7/1/2019,23250
7/2/2019,23230
7/3/2019,23245
7/4/2019,23240
7/5/2019,23235
7/8/2019,23245
7/9/2019,23220
7/10/2019,23210
7/11/2019,23200
7/12/2019,23200
7/15/2019,23199
7/16/2019,23200
7/17/2019,23200
7/18/2019,23214
7/19/2019,23244
7/22/2019,23211
7/23/2019,23209
7/24/2019,23205
7/25/2019,23209
7/26/2019,23205
7/29/2019,23205
7/30/2019,23200
7/31/2019,23230
8/1/2019,23200
8/2/2019,23215
8/5/2019,23268
8/6/2019,23250
8/7/2019,23215
8/8/2019,23220
8/9/2019,23204
8/12/2019,23197
8/13/2019,23205
8/14/2019,23200
8/15/2019,23208
8/16/2019,23211
8/19/2019,23205
8/20/2019,23203
8/21/2019,23200
8/22/2019,23200
8/23/2019,23198
8/26/2019,23198
8/27/2019,23197
8/28/2019,23206
8/29/2019,23195
8/30/2019,23185
9/2/2019,23185
9/3/2019,23198
9/4/2019,23199
9/5/2019,23198
9/6/2019,23198
9/9/2019,23199
9/10/2019,23199
9/11/2019,23199
9/12/2019,23205
9/13/2019,23205
9/16/2019,23218
9/17/2019,23225
9/18/2019,23209
9/19/2019,23211
9/20/2019,23203
9/23/2019,23202
9/24/2019,23200
9/25/2019,23200
9/26/2019,23200
9/27/2019,23200
9/30/2019,23200
10/1/2019,23201
10/2/2019,23200
10/3/2019,23200
10/4/2019,23200
10/7/2019,23200
10/8/2019,23200
10/9/2019,23225
10/10/2019,23200
10/11/2019,23200
10/14/2019,23200
10/15/2019,23201
10/16/2019,23202
10/17/2019,23206
10/18/2019,23203
10/21/2019,23205
10/22/2019,23201
10/23/2019,23205
10/24/2019,23203
10/25/2019,23200
10/28/2019,23200
10/29/2019,23202
10/30/2019,23200
10/31/2019,23202
11/1/2019,23200
11/4/2019,23199
11/5/2019,23199
11/6/2019,23199
11/7/2019,23199
11/8/2019,23198
11/11/2019,23200
11/12/2019,23199
11/13/2019,23199
11/14/2019,23200
11/15/2019,23204
11/18/2019,23205
11/19/2019,23200
11/20/2019,23199
11/21/2019,23193
11/22/2019,23195
11/25/2019,23197
11/26/2019,23190
11/27/2019,23200
11/28/2019,23200
11/29/2019,23179
12/2/2019,23175
12/3/2019,23170
12/4/2019,23170
12/5/2019,23167
12/6/2019,23175
12/9/2019,23170
12/10/2019,23170
12/11/2019,23175
12/12/2019,23169
12/13/2019,23173
12/16/2019,23176
12/17/2019,23176
12/18/2019,23173
12/19/2019,23169
12/20/2019,23175
12/23/2019,23173
12/24/2019,23176
12/25/2019,23173
12/26/2019,23174
12/27/2019,23171
12/30/2019,23170
12/31/2019,23171
1/1/2020,23171
1/2/2020,23168
1/3/2020,23171
1/6/2020,23176
1/7/2020,23175
1/8/2020,23175
1/9/2020,23173
1/10/2020,23176
1/13/2020,23173
1/14/2020,23175
1/15/2020,23170
1/16/2020,23171
1/17/2020,23170
1/20/2020,23169
1/21/2020,23170
1/22/2020,23169
1/23/2020,23169
1/24/2020,23169
1/27/2020,23169
1/28/2020,23169
1/29/2020,23169
1/30/2020,23182
1/31/2020,23222
2/3/2020,23250
2/4/2020,23230
2/5/2020,23220
2/6/2020,23221
2/7/2020,23230
2/10/2020,23258
2/11/2020,23240
2/12/2020,23250
2/13/2020,23239
2/14/2020,23245
2/17/2020,23228
2/18/2020,23239
2/19/2020,23225
2/20/2020,23236
2/21/2020,23242
2/24/2020,23247
2/25/2020,23270
2/26/2020,23240
2/27/2020,23240
2/28/2020,23240
3/2/2020,23240
3/3/2020,23218
3/4/2020,23206
3/5/2020,23210
3/6/2020,23205
3/9/2020,23172
3/10/2020,23174
3/11/2020,23172
3/12/2020,23195
3/13/2020,23208
3/16/2020,23225
3/17/2020,23238
3/18/2020,23282
3/19/2020,23354
3/20/2020,23455
3/23/2020,23540
3/24/2020,23580
3/25/2020,23600
3/26/2020,23620
3/27/2020,23620
3/30/2020,23640
3/31/2020,23616
4/1/2020,23590
4/2/2020,23590
4/3/2020,23550
4/6/2020,23440
4/7/2020,23450
4/8/2020,23550
4/9/2020,23488
4/10/2020,23435
4/13/2020,23432
4/14/2020,23471
4/15/2020,23440
4/16/2020,23440
4/17/2020,23424
4/20/2020,23450
4/21/2020,23460
4/22/2020,23479
4/23/2020,23485
4/24/2020,23505
4/27/2020,23455
4/28/2020,23442
4/29/2020,23428
4/30/2020,23428
5/1/2020,23428
5/4/2020,23445
5/5/2020,23421
5/6/2020,23423
5/7/2020,23425
5/8/2020,23377
5/11/2020,23322
5/12/2020,23330
5/13/2020,23347
5/14/2020,23350
5/15/2020,23355
5/18/2020,23338
5/19/2020,23295
5/20/2020,23270
5/21/2020,23275
5/22/2020,23267
5/25/2020,23312
5/26/2020,23336
5/27/2020,23325
5/28/2020,23300
5/29/2020,23280
6/1/2020,23260
6/2/2020,23253
6/3/2020,23260
6/4/2020,23263
6/5/2020,23255
6/8/2020,23255
6/9/2020,23205
6/10/2020,23190
6/11/2020,23215
6/12/2020,23206
6/15/2020,23220
6/16/2020,23210
6/17/2020,23196
6/18/2020,23210
6/19/2020,23215
6/22/2020,23210
6/23/2020,23213
6/24/2020,23195
6/25/2020,23208
6/26/2020,23210
6/29/2020,23198
6/30/2020,23204
7/1/2020,23203
7/2/2020,23202
7/3/2020,23199
7/6/2020,23201
7/7/2020,23180
7/8/2020,23188
7/9/2020,23184
7/10/2020,23177
7/13/2020,23179
7/14/2020,23181
7/15/2020,23183
7/16/2020,23184
7/17/2020,23191
7/20/2020,23188
7/21/2020,23180
7/22/2020,23184
7/23/2020,23180
7/24/2020,23175
7/27/2020,23181
7/28/2020,23170
7/29/2020,23175
7/30/2020,23175
7/31/2020,23170
8/3/2020,23170
8/4/2020,23175
8/5/2020,23174
8/6/2020,23173
8/7/2020,23173
8/10/2020,23170
8/11/2020,23174
8/12/2020,23175
8/13/2020,23174
8/14/2020,23174
8/17/2020,23174
8/18/2020,23174
8/19/2020,23174
8/20/2020,23174
8/21/2020,23175
8/24/2020,23177
8/25/2020,23170
8/26/2020,23174
8/27/2020,23174
8/28/2020,23174
8/31/2020,23174
9/1/2020,23174
9/2/2020,23174
9/3/2020,23174
9/4/2020,23178
9/7/2020,23174
9/8/2020,23176
9/9/2020,23175
9/10/2020,23173
9/11/2020,23174
9/14/2020,23175
9/15/2020,23175
9/16/2020,23178
9/17/2020,23170
9/18/2020,23170
9/21/2020,23178
9/22/2020,23177
9/23/2020,23185
9/24/2020,23184
9/25/2020,23191
9/28/2020,23188
9/29/2020,23190
9/30/2020,23181
10/1/2020,23188
10/2/2020,23191
10/5/2020,23203
10/6/2020,23205
10/7/2020,23205
10/8/2020,23191
10/9/2020,23180
10/12/2020,23178
10/13/2020,23177
10/14/2020,23175
10/15/2020,23170
10/16/2020,23175
10/19/2020,23175
10/20/2020,23179
10/21/2020,23177
10/22/2020,23176
10/23/2020,23176
10/26/2020,23175
10/27/2020,23175
10/28/2020,23176
10/29/2020,23170
10/30/2020,23180
11/2/2020,23177
11/3/2020,23176
11/4/2020,23176
11/5/2020,23175
11/6/2020,23176
11/9/2020,23170
11/10/2020,23173
11/11/2020,23175
11/12/2020,23175
11/13/2020,23175
11/16/2020,23175
11/17/2020,23163
11/18/2020,23160
11/19/2020,23176
11/20/2020,23176
11/23/2020,23177
11/24/2020,23151
11/25/2020,23160
11/26/2020,23164
11/27/2020,23160
11/30/2020,23140
12/1/2020,23129
12/2/2020,23129
12/3/2020,23125
12/4/2020,23130
12/7/2020,23127
12/8/2020,23128
12/9/2020,23128
12/10/2020,23128
12/11/2020,23128
12/14/2020,23126
12/15/2020,23126
12/16/2020,23126
12/17/2020,23120
12/18/2020,23124
12/21/2020,23120
12/22/2020,23127
12/23/2020,23130
12/24/2020,23125
12/25/2020,23130
12/28/2020,23125
12/29/2020,23120
12/30/2020,23088
12/31/2020,23070
1/1/2021,23070
1/4/2021,23070
1/5/2021,23080
1/6/2021,23090
1/7/2021,23078
1/8/2021,23066
1/11/2021,23050
1/12/2021,23065
1/13/2021,23064
1/14/2021,23064
1/15/2021,23065
1/18/2021,23069
1/19/2021,23069
1/20/2021,23072
1/21/2021,23060
1/22/2021,23070
1/25/2021,23060
1/26/2021,23069
1/27/2021,23069
1/28/2021,23059
1/29/2021,23048
2/1/2021,23045
2/2/2021,23027
2/3/2021,23020
2/4/2021,23015
2/5/2021,23000
2/8/2021,22970
2/9/2021,23010
2/10/2021,23010
2/11/2021,23010
2/12/2021,23010
2/15/2021,23010
2/16/2021,23010
2/17/2021,23010
2/18/2021,23015
2/19/2021,23018
2/22/2021,23020
2/23/2021,23025
2/24/2021,23020
2/25/2021,23025
2/26/2021,23015
3/1/2021,23020
3/2/2021,23022
3/3/2021,23020
3/4/2021,23019
3/5/2021,23033
3/8/2021,23025
3/9/2021,23060
3/10/2021,23052
3/11/2021,23051
3/12/2021,23055
3/15/2021,23081
3/16/2021,23082
3/17/2021,23045
3/18/2021,23065
3/19/2021,23073
3/22/2021,23076
3/23/2021,23070
3/24/2021,23080
3/25/2021,23084
3/26/2021,23084
3/29/2021,23070
3/30/2021,23070
3/31/2021,23074
4/1/2021,23065
4/2/2021,23073
4/5/2021,23079
4/6/2021,23090
4/7/2021,23090
4/8/2021,23085
4/9/2021,23065
4/12/2021,23067
4/13/2021,23069
4/14/2021,23078
4/15/2021,23073
4/16/2021,23067
4/19/2021,23073
4/20/2021,23074
4/21/2021,23074
4/22/2021,23070
4/23/2021,23070
4/26/2021,23040
4/27/2021,23042
4/28/2021,23047
4/29/2021,23054
4/30/2021,23054
5/3/2021,23054
5/4/2021,23050
5/5/2021,23060
5/6/2021,23067
5/7/2021,23060
5/10/2021,23060
5/11/2021,23055
5/12/2021,23053
5/13/2021,23040
5/14/2021,23048
5/17/2021,23046
5/18/2021,23040
5/19/2021,23045
5/20/2021,23045
5/21/2021,23054
5/24/2021,23056
5/25/2021,23060
5/26/2021,23055
5/27/2021,23045
5/28/2021,23045
5/31/2021,23040
6/1/2021,23044
6/2/2021,23040
6/3/2021,23041
6/4/2021,23044
6/7/2021,23000
6/8/2021,22952
6/9/2021,22955
6/10/2021,22947
6/11/2021,22945
6/14/2021,22944
6/15/2021,22947
6/16/2021,22946
6/17/2021,22960
6/18/2021,22995
6/21/2021,23014
6/22/2021,23025
6/23/2021,23020
6/24/2021,23003
6/25/2021,23020
6/28/2021,23020
6/29/2021,23020
6/30/2021,23014
7/1/2021,23010
7/2/2021,22998
7/5/2021,22996
7/6/2021,23007
7/7/2021,23015
7/8/2021,23007
7/9/2021,23000
7/12/2021,23020
7/13/2021,23010
7/14/2021,23011
7/15/2021,23009
7/16/2021,23011
7/19/2021,23020
7/20/2021,23026
7/21/2021,23022
7/22/2021,23010
7/23/2021,23005
7/26/2021,23008
7/27/2021,23005
7/28/2021,22999
7/29/2021,22965
7/30/2021,22950
8/2/2021,22950
8/3/2021,22950
8/4/2021,22945
8/5/2021,22936
8/6/2021,22927
8/9/2021,22925
8/10/2021,22887
8/11/2021,22809
8/12/2021,22805
8/13/2021,22830
8/16/2021,22830
8/17/2021,22830
8/18/2021,22807
8/19/2021,22812
8/20/2021,22820
8/23/2021,22825
8/24/2021,22820
8/25/2021,22790
8/26/2021,22785
8/27/2021,22789
8/30/2021,22775
8/31/2021,22775
9/1/2021,22760
9/2/2021,22760
9/3/2021,22760
9/6/2021,22760
9/7/2021,22758
9/8/2021,22757
9/9/2021,22765
9/10/2021,22757
9/13/2021,22759
9/14/2021,22759
9/15/2021,22758
9/16/2021,22753
9/17/2021,22770
9/20/2021,22769
9/21/2021,22755
9/22/2021,22760
9/23/2021,22762
9/24/2021,22760
9/27/2021,22766
9/28/2021,22761
9/29/2021,22753
9/30/2021,22750
10/1/2021,22757
10/4/2021,22757
10/5/2021,22754
10/6/2021,22750
10/7/2021,22750
10/8/2021,22757
10/11/2021,22750
10/12/2021,22757
10/13/2021,22757
10/14/2021,22757
10/15/2021,22758
10/18/2021,22758
10/19/2021,22755
10/20/2021,22755
10/21/2021,22750
10/22/2021,22754
10/25/2021,22745
10/26/2021,22757
10/27/2021,22755
10/28/2021,22750
10/29/2021,22750
11/1/2021,22750
11/2/2021,22748
11/3/2021,22747
11/4/2021,22680
11/5/2021,22680
11/8/2021,22660
11/9/2021,22662
11/10/2021,22660
11/11/2021,22645
11/12/2021,22640
11/15/2021,22645
11/16/2021,22650
11/17/2021,22648
11/18/2021,22650
11/19/2021,22657
11/22/2021,22670
11/23/2021,22675
11/24/2021,22680
11/25/2021,22670
11/26/2021,22678
11/29/2021,22690
11/30/2021,22688
12/1/2021,22710
12/2/2021,22730
12/3/2021,22830
12/6/2021,23020
12/7/2021,23070
12/8/2021,22920
12/9/2021,22980
12/10/2021,23025
12/13/2021,22975
12/14/2021,23000
12/15/2021,23030
12/16/2021,22990
12/17/2021,22980
12/20/2021,22928
12/21/2021,22933
12/22/2021,22955
12/23/2021,22950
12/24/2021,22840
12/27/2021,22810
12/28/2021,22835
12/29/2021,22820
12/30/2021,22765
12/31/2021,22825
1/3/2022,22825
1/4/2022,22752
1/5/2022,22755
1/6/2022,22745
1/7/2022,22685
1/10/2022,22695
1/11/2022,22698
1/12/2022,22698
1/13/2022,22710
1/14/2022,22710
1/17/2022,22720
1/18/2022,22750
1/19/2022,22700
1/20/2022,22645
1/21/2022,22625
1/24/2022,22675
1/25/2022,22630
1/26/2022,22630
1/27/2022,22630
1/28/2022,22645
1/31/2022,22645
2/1/2022,22645
2/2/2022,22645
2/3/2022,22645
2/4/2022,22645
2/7/2022,22665
2/8/2022,22715
2/9/2022,22680
2/10/2022,22680
2/11/2022,22685
2/14/2022,22725
2/15/2022,22750
2/16/2022,22750
2/17/2022,22785
2/18/2022,22820
2/21/2022,22800
2/22/2022,22815
2/23/2022,22825
2/24/2022,22840
2/25/2022,22820
2/28/2022,22805
3/1/2022,22815
3/2/2022,22840
3/3/2022,22835
3/4/2022,22830
3/7/2022,22845
3/8/2022,22845
3/9/2022,22835
3/10/2022,22835
3/11/2022,22873
3/14/2022,22890
3/15/2022,22880
3/16/2022,22879
3/17/2022,22865
3/18/2022,22860
3/21/2022,22860
3/22/2022,22870
3/23/2022,22872
3/24/2022,22869
3/25/2022,22861
3/28/2022,22860
3/29/2022,22865
3/30/2022,22854
3/31/2022,22838
4/1/2022,22837
4/4/2022,22846
4/5/2022,22873
4/6/2022,22866
4/7/2022,22859
4/8/2022,22860
4/11/2022,22860
4/12/2022,22888
4/13/2022,22887
4/14/2022,22900
4/15/2022,22899
4/18/2022,22890
4/19/2022,22955
4/20/2022,22962
4/21/2022,22962
4/22/2022,22965
4/25/2022,22983
4/26/2022,22970
4/27/2022,22965
4/28/2022,22956
4/29/2022,22962
5/2/2022,22962
5/3/2022,22962
5/4/2022,22966
5/5/2022,22955
5/6/2022,22955
5/9/2022,22950
5/10/2022,22941
5/11/2022,23050
5/12/2022,23096
5/13/2022,23086
5/16/2022,23095
5/17/2022,23120
5/18/2022,23139
5/19/2022,23140
5/20/2022,23160
5/23/2022,23170
5/24/2022,23210
5/25/2022,23190
5/26/2022,23205
5/27/2022,23195
5/30/2022,23176
5/31/2022,23185
6/1/2022,23196
6/2/2022,23193
6/3/2022,23187
6/6/2022,23180
6/7/2022,23185
6/8/2022,23187
6/9/2022,23155
6/10/2022,23177
6/13/2022,23195
6/14/2022,23210
6/15/2022,23230
6/16/2022,23232
6/17/2022,23220
6/20/2022,23230
6/21/2022,23226
6/22/2022,23235
6/23/2022,23244
6/24/2022,23247
6/27/2022,23245
6/28/2022,23255
6/29/2022,23265
6/30/2022,23255
7/1/2022,23300
7/4/2022,23335
7/5/2022,23360
7/6/2022,23373
7/7/2022,23350
7/8/2022,23355
7/11/2022,23347
7/12/2022,23389
7/13/2022,23388
7/14/2022,23415
7/15/2022,23450
7/18/2022,23440
7/19/2022,23412
7/20/2022,23410
7/21/2022,23410
7/22/2022,23400
7/25/2022,23385
7/26/2022,23370
7/27/2022,23375
7/28/2022,23358
7/29/2022,23335
8/1/2022,23355
8/2/2022,23353
8/3/2022,23394
8/4/2022,23393
8/5/2022,23385
8/8/2022,23388
8/9/2022,23385
8/10/2022,23385
8/11/2022,23390
8/12/2022,23392
8/15/2022,23400
8/16/2022,23403
8/17/2022,23401
8/18/2022,23401
8/19/2022,23400
8/22/2022,23410
8/23/2022,23430
8/24/2022,23425
8/25/2022,23423
8/26/2022,23412
8/29/2022,23430
8/30/2022,23415
8/31/2022,23450
9/1/2022,23450
9/2/2022,23450
9/5/2022,23505
9/6/2022,23520
9/7/2022,23580
9/8/2022,23542
9/9/2022,23515
9/12/2022,23520
9/13/2022,23553
9/14/2022,23590
9/15/2022,23620
9/16/2022,23650
9/19/2022,23670
9/20/2022,23670
9/21/2022,23690
9/22/2022,23700
9/23/2022,23700
9/26/2022,23715
9/27/2022,23730
9/28/2022,23730
9/29/2022,23820
9/30/2022,23855
10/3/2022,23880
10/4/2022,23875
10/5/2022,23865
10/6/2022,23870
10/7/2022,23875
10/10/2022,23870
10/11/2022,23925
10/12/2022,23945
10/13/2022,24120
10/14/2022,24110
10/17/2022,24310
10/18/2022,24430
10/19/2022,24450
10/20/2022,24530
10/21/2022,24820
10/24/2022,24830
10/25/2022,24840
10/26/2022,24830
10/27/2022,24830
10/28/2022,24820
10/31/2022,24840
11/1/2022,24850
11/2/2022,24835
11/3/2022,24860
11/4/2022,24870
11/7/2022,24870
11/8/2022,24871
11/9/2022,24862
11/10/2022,24865
11/11/2022,24805
11/14/2022,24735
11/15/2022,24765
11/16/2022,24775
11/17/2022,24805
11/18/2022,24800
11/21/2022,24835
11/22/2022,24850
11/23/2022,24844
11/24/2022,24833
11/25/2022,24760
11/28/2022,24770
11/29/2022,24750
11/30/2022,24630
12/1/2022,24500
12/2/2022,24350
12/5/2022,23980
12/6/2022,23980
12/7/2022,23900
12/8/2022,23780
12/9/2022,23550
12/12/2022,23680
12/13/2022,23600
12/14/2022,23520
12/15/2022,23500
12/16/2022,23580
12/19/2022,23700
12/20/2022,23730
12/21/2022,23700
12/22/2022,23630
12/23/2022,23560
12/26/2022,23590
12/27/2022,23580
12/28/2022,23620
12/29/2022,23600
12/30/2022,23610
1/2/2023,23610
1/3/2023,23515
1/4/2023,23510
1/5/2023,23475
1/6/2023,23460
1/9/2023,23447
1/10/2023,23445
1/11/2023,23440
1/12/2023,23438
1/13/2023,23435
1/16/2023,23445
1/17/2023,23427
1/18/2023,23437
1/19/2023,23440
1/20/2023,23440
1/23/2023,23440
1/24/2023,23440
1/25/2023,23440
1/26/2023,23440
1/27/2023,23460
1/30/2023,23470
1/31/2023,23445
2/1/2023,23440
2/2/2023,23449
2/3/2023,23440
2/6/2023,23480
2/7/2023,23600
2/8/2023,23590
2/9/2023,23560
2/10/2023,23565
2/13/2023,23595
2/14/2023,23600
2/15/2023,23615
2/16/2023,23680
2/17/2023,23810
2/20/2023,23725
2/21/2023,23705
2/22/2023,23780
2/23/2023,23815
2/24/2023,23780
2/27/2023,23805
2/28/2023,23740
3/1/2023,23710
3/2/2023,23700
3/3/2023,23710
3/6/2023,23650
3/7/2023,23640
3/8/2023,23710
3/9/2023,23680
3/10/2023,23660
3/13/2023,23570
3/14/2023,23570
3/15/2023,23565
3/16/2023,23560
3/17/2023,23570
3/20/2023,23570
3/21/2023,23570
3/22/2023,23510
3/23/2023,23490
3/24/2023,23510
3/27/2023,23500
3/28/2023,23480
3/29/2023,23480
3/30/2023,23470
3/31/2023,23450
4/3/2023,23470
4/4/2023,23460
4/5/2023,23465
4/6/2023,23451
4/7/2023,23442
4/10/2023,23440
4/11/2023,23445
4/12/2023,23442
4/13/2023,23440
4/14/2023,23440
4/17/2023,23485
4/18/2023,23505
4/19/2023,23511
4/20/2023,23488
4/21/2023,23485
4/24/2023,23494
4/25/2023,23473
4/26/2023,23465
4/27/2023,23445
4/28/2023,23450
5/1/2023,23450
5/2/2023,23450
5/3/2023,23450
5/4/2023,23445
5/5/2023,23440
5/8/2023,23443
5/9/2023,23460
5/10/2023,23465
5/11/2023,23465
5/12/2023,23450
5/15/2023,23458
5/16/2023,23450
5/17/2023,23450
5/18/2023,23450
5/19/2023,23460
5/22/2023,23438
5/23/2023,23470
5/24/2023,23470
5/25/2023,23470
5/26/2023,23475
5/29/2023,23465
5/30/2023,23480
5/31/2023,23485
6/1/2023,23485
6/2/2023,23475
6/5/2023,23495
6/6/2023,23485
6/7/2023,23485
6/8/2023,23490
6/9/2023,23470
6/12/2023,23480
6/13/2023,23495
6/14/2023,23500
6/15/2023,23525
6/16/2023,23520
6/19/2023,23520
6/20/2023,23520
6/21/2023,23505
6/22/2023,23515
6/23/2023,23515
6/26/2023,23530
6/27/2023,23520
6/28/2023,23555
6/29/2023,23569
6/30/2023,23575
7/3/2023,23695
7/4/2023,23700
7/5/2023,23745
7/6/2023,23710
7/7/2023,23635
7/10/2023,23640
7/11/2023,23690
7/12/2023,23660
7/13/2023,23665
7/14/2023,23630
7/17/2023,23630
7/18/2023,23635
7/19/2023,23630
7/20/2023,23647
7/21/2023,23656
7/24/2023,23665
7/25/2023,23655
7/26/2023,23665
7/27/2023,23661
7/28/2023,23685
7/31/2023,23680
8/1/2023,23680
8/2/2023,23735
8/3/2023,23750
8/4/2023,23725
8/7/2023,23720
8/8/2023,23730
8/9/2023,23735
8/10/2023,23740
8/11/2023,23750
8/14/2023,23815
8/15/2023,23965
8/16/2023,23935
8/17/2023,23850
8/18/2023,23805
8/21/2023,23805
8/22/2023,23920
8/23/2023,23985
8/24/2023,23995
8/25/2023,24024
8/28/2023,24080
8/29/2023,24180
8/30/2023,24110
8/31/2023,24060
9/1/2023,24060
9/4/2023,24060
9/5/2023,24050
9/6/2023,24055
9/7/2023,24060
9/8/2023,24055
9/11/2023,24075
9/12/2023,24100
9/13/2023,24155
9/14/2023,24220
9/15/2023,24250
9/18/2023,24370
9/19/2023,24370
9/20/2023,24270
9/21/2023,24310
9/22/2023,24360
9/25/2023,24380
9/26/2023,24380
9/27/2023,24385
9/28/2023,24385
9/29/2023,24280
10/2/2023,24340
10/3/2023,24385
10/4/2023,24420
10/5/2023,24380
10/6/2023,24360
10/9/2023,24370
10/10/2023,24390
10/11/2023,24440
10/12/2023,24435
10/13/2023,24440
10/16/2023,24460
10/17/2023,24490
10/18/2023,24555
10/19/2023,24550
10/20/2023,24520
10/23/2023,24590
10/24/2023,24550
10/25/2023,24560
10/26/2023,24590
10/27/2023,24570
10/30/2023,24558
10/31/2023,24560
11/1/2023,24585
11/2/2023,24570
11/3/2023,24520
11/6/2023,24335
11/7/2023,24310
11/8/2023,24370
11/9/2023,24340
11/10/2023,24315
11/13/2023,24383
11/14/2023,24355
11/15/2023,24290
11/16/2023,24288
11/17/2023,24250
11/20/2023,24170
11/21/2023,24130
11/22/2023,24205
11/23/2023,24240
11/24/2023,24260
11/27/2023,24230
11/28/2023,24230
11/29/2023,24260
11/30/2023,24250
12/1/2023,24290
12/4/2023,24250
12/5/2023,24266
12/6/2023,24274
12/7/2023,24275
12/8/2023,24220
12/11/2023,24250
12/12/2023,24260
12/13/2023,24279
12/14/2023,24245
12/15/2023,24260
12/18/2023,24350
12/19/2023,24350
12/20/2023,24335
12/21/2023,24320
12/22/2023,24235
12/25/2023,24230
12/26/2023,24325
12/27/2023,24345
12/28/2023,24235
12/29/2023,24260
1/1/2024,24260
1/2/2024,24325
1/3/2024,24370
1/4/2024,24360
1/5/2024,24370
1/8/2024,24330
1/9/2024,24360
1/10/2024,24405
1/11/2024,24475
1/12/2024,24490
1/15/2024,24470
1/16/2024,24500
1/17/2024,24530
1/18/2024,24545
1/19/2024,24540
1/22/2024,24550
1/23/2024,24565
1/24/2024,24600
1/25/2024,24605
1/26/2024,24595
1/29/2024,24530
1/30/2024,24395
1/31/2024,24415
2/1/2024,24400
2/2/2024,24335
2/5/2024,24370
2/6/2024,24355
2/7/2024,24400
2/8/2024,24400
2/9/2024,24400
2/12/2024,24400
2/13/2024,24400
2/14/2024,24400
2/15/2024,24450
2/16/2024,24510
2/19/2024,24530
2/20/2024,24525
2/21/2024,24525
2/22/2024,24590
2/23/2024,24630
2/26/2024,24660
2/27/2024,24625
2/28/2024,24620
2/29/2024,24640
3/1/2024,24640
3/4/2024,24676
3/5/2024,24690
3/6/2024,24665
3/7/2024,24680
3/8/2024,24640
3/11/2024,24635
3/12/2024,24645
3/13/2024,24675
3/14/2024,24690
3/15/2024,24710
3/18/2024,24715
3/19/2024,24740
3/20/2024,24775
3/21/2024,24785
3/22/2024,24768
3/25/2024,24740
3/26/2024,24770
3/27/2024,24785
3/28/2024,24790
3/29/2024,24810
4/1/2024,24795
4/2/2024,24900
4/3/2024,25000
4/4/2024,24935
4/5/2024,24950
4/8/2024,24960
4/9/2024,24945
4/10/2024,24935
4/11/2024,24980
4/12/2024,25015
4/15/2024,25180
4/16/2024,25280
4/17/2024,25400
4/18/2024,25400
4/19/2024,25440
4/22/2024,25455
4/23/2024,25440
4/24/2024,25405
4/25/2024,25350
4/26/2024,25330
4/29/2024,25330
4/30/2024,25330
5/1/2024,25330
5/2/2024,25390
5/3/2024,25400
5/6/2024,25370
5/7/2024,25400
5/8/2024,25425
5/9/2024,25440
5/10/2024,25450
5/13/2024,25453
5/14/2024,25450
5/15/2024,25445
5/16/2024,25431
5/17/2024,25448
5/20/2024,25452
5/21/2024,25461
5/22/2024,25464
5/23/2024,25469
5/24/2024,25465
5/27/2024,25445
5/28/2024,25448
5/29/2024,25450
5/30/2024,25450
5/31/2024,25440
6/3/2024,25432
6/4/2024,25410
6/5/2024,25415
6/6/2024,25420
6/7/2024,25400
6/10/2024,25415
6/11/2024,25435
6/12/2024,25435
6/13/2024,25435
6/14/2024,25450
6/17/2024,25450
6/18/2024,25445
6/19/2024,25450
6/20/2024,25450
6/21/2024,25450
6/24/2024,25455
6/25/2024,25455
6/26/2024,25465
6/27/2024,25455
6/28/2024,25445
7/1/2024,25450
7/2/2024,25450
7/3/2024,25450
7/4/2024,25450
7/5/2024,25412
7/8/2024,25415
7/9/2024,25413
7/10/2024,25415
7/11/2024,25423
7/12/2024,25410
7/15/2024,25360
7/16/2024,25375
7/17/2024,25315
7/18/2024,25310
7/19/2024,25315
7/22/2024,25325
7/23/2024,25355
7/24/2024,25350
7/25/2024,25285
7/26/2024,25300
7/29/2024,25275
7/30/2024,25275
7/31/2024,25235
8/1/2024,25215
8/2/2024,25205
8/5/2024,25080
8/6/2024,25130
8/7/2024,25155
8/8/2024,25135
8/9/2024,25090
8/12/2024,25120
8/13/2024,25115
8/14/2024,25020
8/15/2024,25035
8/16/2024,25050
8/19/2024,24960
8/20/2024,24915
8/21/2024,24930
8/22/2024,24960
8/23/2024,24965
8/26/2024,24860
8/27/2024,24820
8/28/2024,24855
8/29/2024,24870
8/30/2024,24860
9/2/2024,24860
9/3/2024,24860
9/4/2024,24852
9/5/2024,24730
9/6/2024,24600
9/9/2024,24680
9/10/2024,24660
9/11/2024,24550
9/12/2024,24575
9/13/2024,24530
9/16/2024,24530
9/17/2024,24620
9/18/2024,24600
9/19/2024,24565
9/20/2024,24590
9/23/2024,24615
9/24/2024,24590
9/25/2024,24580
9/26/2024,24615
9/27/2024,24590
9/30/2024,24555
10/1/2024,24595
10/2/2024,24652
10/3/2024,24745
10/4/2024,24755
10/7/2024,24840
10/8/2024,24835
10/9/2024,24830
10/10/2024,24830
10/11/2024,24805
10/14/2024,24840
10/15/2024,24925
10/16/2024,24970
10/17/2024,25180
10/18/2024,25150
10/21/2024,25285
10/22/2024,25390
10/23/2024,25400
10/24/2024,25385
10/25/2024,25355
10/28/2024,25345
10/29/2024,25295
10/30/2024,25280
10/31/2024,25270
11/1/2024,25280
11/4/2024,25310
11/5/2024,25330
11/6/2024,25370
11/7/2024,25350
11/8/2024,25260
11/11/2024,25310
11/12/2024,25340
11/13/2024,25330
11/14/2024,25390
11/15/2024,25380
11/18/2024,25405
11/19/2024,25395
11/20/2024,25415
11/21/2024,25415
11/22/2024,25417
11/25/2024,25410
11/26/2024,25405
11/27/2024,25375
11/28/2024,25358
11/29/2024,25344
12/2/2024,25374
12/3/2024,25395
12/4/2024,25400
12/5/2024,25380
12/6/2024,25375
12/9/2024,25370
12/10/2024,25360
12/11/2024,25380
12/12/2024,25394
12/13/2024,25400
12/16/2024,25385
12/17/2024,25430
12/18/2024,25445
12/19/2024,25450
12/20/2024,25445
12/23/2024,25440
12/24/2024,25425
12/25/2024,25420
12/26/2024,25425
12/27/2024,25445
12/30/2024,25476
12/31/2024,25480
1/1/2025,25480
1/2/2025,25450
1/3/2025,25400
1/6/2025,25370
1/7/2025,25360
1/8/2025,25370
1/9/2025,25375
1/10/2025,25360
1/13/2025,25390
1/14/2025,25380
1/15/2025,25375
1/16/2025,25370
1/17/2025,25315
1/20/2025,25315
1/21/2025,25260
1/22/2025,25050
1/23/2025,25080
1/24/2025,25060
1/27/2025,25060
1/28/2025,25060
1/29/2025,25060
1/30/2025,25060
1/31/2025,25060
2/3/2025,25280
2/4/2025,25160
2/5/2025,25145
2/6/2025,25260
2/7/2025,25290
2/10/2025,25380
2/11/2025,25530
2/12/2025,25550
2/13/2025,25440
2/14/2025,25370
2/17/2025,25470
2/18/2025,25500
2/19/2025,25515
2/20/2025,25500
2/21/2025,25510
2/24/2025,25468
2/25/2025,25520
2/26/2025,25535
2/27/2025,25520
2/28/2025,25530
3/3/2025,25575
3/4/2025,25540
3/5/2025,25490
3/6/2025,25485
3/7/2025,25480
3/10/2025,25525
3/11/2025,25450
3/12/2025,25445
3/13/2025,25490
3/14/2025,25500
3/17/2025,25510
3/18/2025,25510
3/19/2025,25535
3/20/2025,25545
3/21/2025,25585
3/24/2025,25620
3/25/2025,25600
3/26/2025,25555
3/27/2025,25560
3/28/2025,25550
3/31/2025,25565
4/1/2025,25620
4/2/2025,25600
4/3/2025,25790
4/4/2025,25780
4/7/2025,25780
4/8/2025,25995
4/9/2025,25960
4/10/2025,25740
4/11/2025,25715
4/14/2025,25824
4/15/2025,25790
4/16/2025,25830
4/17/2025,25837
4/18/2025,25925
4/21/2025,25871
4/22/2025,25965
4/23/2025,25995
4/24/2025,26029
4/25/2025,26022
4/26/2025,26025
4/28/2025,26000
4/29/2025,26005
4/30/2025,26005
5/1/2025,26005
5/2/2025,26005
5/5/2025,25958
5/6/2025,25964
5/7/2025,25963
5/8/2025,25964
5/9/2025,25979
5/12/2025,25971
5/13/2025,25962
5/14/2025,25930
5/15/2025,25948
5/16/2025,25922
5/19/2025,25948
5/20/2025,25970
5/21/2025,25973
5/22/2025,25977
5/23/2025,25954
5/26/2025,25913
5/27/2025,25918
5/28/2025,25970
5/29/2025,26025
5/30/2025,26022
6/2/2025,26029
6/3/2025,26055
6/4/2025,26084
6/5/2025,26083
6/6/2025,26054
6/9/2025,26043
6/10/2025,26013
6/11/2025,26030
6/12/2025,26038
6/13/2025,26075
6/16/2025,26062
6/17/2025,26082
6/18/2025,26102
6/19/2025,26128
6/20/2025,26129
6/23/2025,26215
6/24/2025,26170
6/25/2025,26155
6/26/2025,26120
6/27/2025,26095
6/30/2025,26121
7/1/2025,26130
7/2/2025,26170
7/3/2025,26200
7/4/2025,26180
7/7/2025,26145
7/8/2025,26135
7/9/2025,26139
7/10/2025,26115
7/11/2025,26115
7/14/2025,26125
7/15/2025,26138
7/16/2025,26160
7/17/2025,26160
7/18/2025,26160
7/21/2025,26155
7/22/2025,26145
7/23/2025,26150
7/24/2025,26135
7/25/2025,26145
7/28/2025,26200
7/29/2025,26225
7/30/2025,26203
7/31/2025,26199
8/1/2025,26220
8/4/2025,26177
8/5/2025,26250
8/6/2025,26225
8/7/2025,26215
8/8/2025,26225
8/11/2025,26233
8/12/2025,26270
8/13/2025,26290
8/14/2025,26265
8/15/2025,26270
8/18/2025,26300
8/19/2025,26320
8/20/2025,26390
8/21/2025,26433
8/22/2025,26350
8/25/2025,26305
8/26/2025,26365
8/27/2025,26380
8/28/2025,26375
8/29/2025,26345
9/1/2025,26345
9/2/2025,26345
9/3/2025,26388
9/4/2025,26390
9/5/2025,26400
9/8/2025,26415
9/9/2025,26388
9/10/2025,26395
9/11/2025,26403
9/12/2025,26385
9/15/2025,26385
9/16/2025,26383
9/17/2025,26375
9/18/2025,26385
9/19/2025,26383
9/22/2025,26418
9/23/2025,26420
9/24/2025,26419
9/25/2025,26405
9/26/2025,26410
9/29/2025,26421
9/30/2025,26427
10/1/2025,26410
10/2/2025,26396
10/3/2025,26381
10/6/2025,26365
10/7/2025,26365
10/8/2025,26360
10/9/2025,26348
10/10/2025,26340
10/13/2025,26345
10/14/2025,26356
10/15/2025,26348